recordID,scientificName,taxonConceptID,decimalLatitude,decimalLongitude,eventDate,occurrenceStatus,dataResourceName,country,stateProvince,year,geometry
00d59d93-bbbc-4f74-a75f-cc6e3d23d29e,Austropuccinia psidii,NZOR-6-102802,-33.22,151.22,2010-04-24T00:00:00Z,PRESENT,NSW DPI Biosecurity Collections,Australia,New South Wales,2010,"c(151.22, -33.22)"
4fc2c956-4680-4503-8d8a-de30a126a656,Austropuccinia psidii,NZOR-6-102802,-33.22,151.22,2010-04-24T00:00:00Z,PRESENT,NSW DPI Biosecurity Collections,Australia,New South Wales,2010,"c(151.22, -33.22)"
51201c79-117c-458e-8047-ed0a58796f17,Uredo rangelii,ALA_DR22913_238,-32.937999,150.913747,2010-10-01T00:00:00Z,PRESENT,NSW BioNet Atlas,Australia,New South Wales,2010,"c(150.913747, -32.937999)"
69f33476-d272-4a11-b2da-e2685bfd069e,Austropuccinia psidii,NZOR-6-102802,-33.22,151.22,2010-04-24T00:00:00Z,PRESENT,NSW DPI Biosecurity Collections,Australia,New South Wales,2010,"c(151.22, -33.22)"
9ecb17cd-3361-4c4f-94cf-4cd584816f80,Austropuccinia psidii,NZOR-6-102802,-33.22,151.22,2010-04-28T00:00:00Z,PRESENT,NSW DPI Biosecurity Collections,Australia,New South Wales,2010,"c(151.22, -33.22)"
bdc5117a-8cd5-46ac-88c3-0dadbed448b1,Austropuccinia psidii,NZOR-6-102802,-33.22,151.22,2010-04-24T00:00:00Z,PRESENT,NSW DPI Biosecurity Collections,Australia,New South Wales,2010,"c(151.22, -33.22)"
c8ead410-8e38-412d-84ac-e710ccfbf3ad,Uredo rangelii,ALA_DR22913_238,-33.453833,151.109017,2010-10-01T00:00:00Z,PRESENT,NSW BioNet Atlas,Australia,New South Wales,2010,"c(151.109017, -33.453833)"
cddc2027-afe6-477a-8a30-11618e1a38a5,Austropuccinia psidii,NZOR-6-102802,-33.22,151.22,2010-04-24T00:00:00Z,PRESENT,NSW DPI Biosecurity Collections,Australia,New South Wales,2010,"c(151.22, -33.22)"
06513152-0696-4434-8576-a2aaca80de8b,Uredo rangelii,ALA_DR22913_238,-35.468299,150.337598,2011-12-02T00:00:00Z,PRESENT,NSW BioNet Atlas,Australia,New South Wales,2011,"c(150.337598, -35.468299)"
08175dc8-8c16-4aa7-85f2-6251a27a12d6,Uredo rangelii,ALA_DR22913_238,-33.735689,151.154968,2011-10-15T00:00:00Z,PRESENT,NSW BioNet Atlas,Australia,New South Wales,2011,"c(151.154968, -33.735689)"
09f7cedc-5e36-44fb-b461-534b22a73228,Uredo rangelii,ALA_DR22913_238,-29.45975,153.073833,2011-01-24T00:00:00Z,PRESENT,NSW BioNet Atlas,Australia,New South Wales,2011,"c(153.073833, -29.45975)"
0d1c7aea-b14b-457b-8941-61b15cf080b7,Uredo rangelii,ALA_DR22913_238,-28.797,153.384417,2011-01-25T00:00:00Z,PRESENT,NSW BioNet Atlas,Australia,New South Wales,2011,"c(153.384417, -28.797)"
0f2cddba-7219-46ce-93a8-91b108be7939,Uredo rangelii,ALA_DR22913_238,-28.819722,153.328333,2011-02-22T00:00:00Z,PRESENT,NSW BioNet Atlas,Australia,New South Wales,2011,"c(153.328333, -28.819722)"
114a5375-92cc-4471-81bc-acd76bf633d1,Uredo rangelii,ALA_DR22913_238,-30.582195,153.00728,2011-03-31T00:00:00Z,PRESENT,NSW BioNet Atlas,Australia,New South Wales,2011,"c(153.00728, -30.582195)"
135715c1-0468-4bc7-b85c-362868d18790,Uredo rangelii,ALA_DR22913_238,-34.302145,150.933659,2011-09-28T00:00:00Z,PRESENT,NSW BioNet Atlas,Australia,New South Wales,2011,"c(150.933659, -34.302145)"
16137181-4a35-4bc9-a975-ecf39c0086b2,Uredo rangelii,ALA_DR22913_238,-35.052905,150.597203,2011-12-07T00:00:00Z,PRESENT,NSW BioNet Atlas,Australia,New South Wales,2011,"c(150.597203, -35.052905)"
1b74c238-d4be-45c0-a647-948c8019154b,Uredo rangelii,ALA_DR22913_238,-34.414383,150.854839,2011-03-08T00:00:00Z,PRESENT,NSW BioNet Atlas,Australia,New South Wales,2011,"c(150.854839, -34.414383)"
1f3d19a5-f794-4d2a-952c-f57ade0b1092,Uredo rangelii,ALA_DR22913_238,-30.405309,153.067656,2011-03-31T00:00:00Z,PRESENT,NSW BioNet Atlas,Australia,New South Wales,2011,"c(153.067656, -30.405309)"
21aceeff-aa68-4263-ab8b-4f84be1110e8,Uredo rangelii,ALA_DR22913_238,-28.59538,152.70779,2011-01-26T00:00:00Z,PRESENT,NSW BioNet Atlas,Australia,New South Wales,2011,"c(152.70779, -28.59538)"
254ee2ad-22e1-4006-8200-dac305b20a6f,Uredo rangelii,ALA_DR22913_238,-32.200722,151.326306,2011-12-02T00:00:00Z,PRESENT,NSW BioNet Atlas,Australia,New South Wales,2011,"c(151.326306, -32.200722)"
283f395c-df42-48c9-85b9-b9c0c644c4d9,Uredo rangelii,ALA_DR22913_238,-30.401695,153.075987,2011-03-31T00:00:00Z,PRESENT,NSW BioNet Atlas,Australia,New South Wales,2011,"c(153.075987, -30.401695)"
2a3dfa99-2730-4205-892f-119b27275618,Uredo rangelii,ALA_DR22913_238,-29.573823,153.335617,2011-02-11T00:00:00Z,PRESENT,NSW BioNet Atlas,Australia,New South Wales,2011,"c(153.335617, -29.573823)"
2c69db05-a6a2-477f-9673-052d95b617a6,Uredo rangelii,ALA_DR22913_238,-30.364704,153.061384,2011-03-31T00:00:00Z,PRESENT,NSW BioNet Atlas,Australia,New South Wales,2011,"c(153.061384, -30.364704)"
2d7e1c7c-af00-4550-a9b1-b46d4c35fa81,Uredo rangelii,ALA_DR22913_238,-30.381207,152.920365,2011-04-09T00:00:00Z,PRESENT,NSW BioNet Atlas,Australia,New South Wales,2011,"c(152.920365, -30.381207)"
320364a2-0639-4c5b-a608-f5d723b71c93,Uredo rangelii,ALA_DR22913_238,-34.301701,150.933496,2011-09-28T00:00:00Z,PRESENT,NSW BioNet Atlas,Australia,New South Wales,2011,"c(150.933496, -34.301701)"
345fdd78-1aff-490b-9628-dace46d4d291,Uredo rangelii,ALA_DR22913_238,-35.611184,150.278465,2011-11-24T00:00:00Z,PRESENT,NSW BioNet Atlas,Australia,New South Wales,2011,"c(150.278465, -35.611184)"
34c4b9a5-880f-4730-96e3-5a2461899039,Uredo rangelii,ALA_DR22913_238,-30.363802,153.060347,2011-03-31T00:00:00Z,PRESENT,NSW BioNet Atlas,Australia,New South Wales,2011,"c(153.060347, -30.363802)"
3a136392-51fc-4b11-8364-5b76f34449f3,Uredo rangelii,ALA_DR22913_238,-33.630632,151.279711,2011-07-17T00:00:00Z,PRESENT,NSW BioNet Atlas,Australia,New South Wales,2011,"c(151.279711, -33.630632)"
3ccb8783-1f40-4548-b346-668b55f1c290,Uredo rangelii,ALA_DR22913_238,-30.486117,152.914965,2011-03-07T00:00:00Z,PRESENT,NSW BioNet Atlas,Australia,New South Wales,2011,"c(152.914965, -30.486117)"
45a130e5-36f9-4ef2-8217-8e9192854dce,Uredo rangelii,ALA_DR22913_238,-30.361996,153.062437,2011-03-31T00:00:00Z,PRESENT,NSW BioNet Atlas,Australia,New South Wales,2011,"c(153.062437, -30.361996)"
476f3421-1d32-4d36-bbb5-aa9c5c29d13d,Uredo rangelii,ALA_DR22913_238,-29.82195,153.29197,2011-02-16T00:00:00Z,PRESENT,NSW BioNet Atlas,Australia,New South Wales,2011,"c(153.29197, -29.82195)"
47777329-836b-49be-bf5b-a6d7856ed9fe,Uredo rangelii,ALA_DR22913_238,-31.545724,152.734192,2011-09-28T00:00:00Z,PRESENT,NSW BioNet Atlas,Australia,New South Wales,2011,"c(152.734192, -31.545724)"
47f95d8f-b640-4747-babd-172af560cb05,Uredo rangelii,ALA_DR22913_238,-33.573333,150.627778,2011-06-10T00:00:00Z,PRESENT,NSW BioNet Atlas,Australia,New South Wales,2011,"c(150.627778, -33.573333)"
48735855-a40f-4941-b51c-626b6642f0b7,Uredo rangelii,ALA_DR22913_238,-31.290361,152.596894,2011-07-19T00:00:00Z,PRESENT,NSW BioNet Atlas,Australia,New South Wales,2011,"c(152.596894, -31.290361)"
4d24e526-0b04-44e0-80d2-b275b31fb5a5,Uredo rangelii,ALA_DR22913_238,-31.371215,152.741394,2011-06-28T00:00:00Z,PRESENT,NSW BioNet Atlas,Australia,New South Wales,2011,"c(152.741394, -31.371215)"
506cd677-f5f8-4ca6-aba3-e1435bf36e75,Uredo rangelii,ALA_DR22913_238,-30.594829,153.008333,2011-03-31T00:00:00Z,PRESENT,NSW BioNet Atlas,Australia,New South Wales,2011,"c(153.008333, -30.594829)"
53211f77-f44e-470c-849b-2b3500c1962c,Uredo rangelii,ALA_DR22913_238,-32.058411,152.54659,2011-11-06T00:00:00Z,PRESENT,NSW BioNet Atlas,Australia,New South Wales,2011,"c(152.54659, -32.058411)"
53d229ba-d845-45f4-add8-3e570b3d0b75,Uredo rangelii,ALA_DR22913_238,-30.402601,153.068694,2011-03-31T00:00:00Z,PRESENT,NSW BioNet Atlas,Australia,New South Wales,2011,"c(153.068694, -30.402601)"
554aba9a-cc5e-4393-8092-fac12091dfa5,Uredo rangelii,ALA_DR22913_238,-28.355833,153.382778,2011-02-01T00:00:00Z,PRESENT,NSW BioNet Atlas,Australia,New South Wales,2011,"c(153.382778, -28.355833)"
61107ddd-9872-4225-bc9f-078019d3901d,Uredo rangelii,ALA_DR22913_238,-34.302747,150.931949,2011-09-28T00:00:00Z,PRESENT,NSW BioNet Atlas,Australia,New South Wales,2011,"c(150.931949, -34.302747)"
640fa4a8-a7b1-4e94-86b8-10cd5c3ddceb,Uredo rangelii,ALA_DR22913_238,-35.681301,150.266318,2011-11-24T00:00:00Z,PRESENT,NSW BioNet Atlas,Australia,New South Wales,2011,"c(150.266318, -35.681301)"
68ddb14e-5e1f-45fc-8f92-02889018936a,Uredo rangelii,ALA_DR22913_238,-35.569949,150.323955,2011-11-24T00:00:00Z,PRESENT,NSW BioNet Atlas,Australia,New South Wales,2011,"c(150.323955, -35.569949)"
6c2cdf3f-627c-41fe-aa10-0aa807870395,Uredo rangelii,ALA_DR22913_238,-32.241107,152.201188,2011-05-27T00:00:00Z,PRESENT,NSW BioNet Atlas,Australia,New South Wales,2011,"c(152.201188, -32.241107)"
6f1fa8c6-2e23-4846-8b00-b2b2f3e0a9a1,Uredo rangelii,ALA_DR22913_238,-35.045591,150.58997,2011-08-28T00:00:00Z,PRESENT,NSW BioNet Atlas,Australia,New South Wales,2011,"c(150.58997, -35.045591)"
6f77bbc8-df8e-4d41-8283-7ee6db5009fd,Uredo rangelii,ALA_DR22913_238,-31.284436,152.519111,2011-09-27T00:00:00Z,PRESENT,NSW BioNet Atlas,Australia,New South Wales,2011,"c(152.519111, -31.284436)"
70b4b6d8-c682-4565-82e3-2450b2dcb67f,Uredo rangelii,ALA_DR22913_238,-29.677547,153.328675,2011-02-16T00:00:00Z,PRESENT,NSW BioNet Atlas,Australia,New South Wales,2011,"c(153.328675, -29.677547)"
727dc875-8c99-4274-a923-1359fc7c9ce2,Uredo rangelii,ALA_DR22913_238,-31.264565,152.52564,2011-10-21T00:00:00Z,PRESENT,NSW BioNet Atlas,Australia,New South Wales,2011,"c(152.52564, -31.264565)"
7402081a-1661-4279-92e5-0eb26e77a73e,Uredo rangelii,ALA_DR22913_238,-28.52013,152.57143,2011-01-27T00:00:00Z,PRESENT,NSW BioNet Atlas,Australia,New South Wales,2011,"c(152.57143, -28.52013)"
746afd48-d838-4653-93b6-4601bcc35699,Uredo rangelii,ALA_DR22913_238,-29.75856,153.291838,2011-02-16T00:00:00Z,PRESENT,NSW BioNet Atlas,Australia,New South Wales,2011,"c(153.291838, -29.75856)"
74af49bf-1b1d-4b47-9432-086489c3391c,Uredo rangelii,ALA_DR22913_238,-32.363071,152.234661,2011-05-16T00:00:00Z,PRESENT,NSW BioNet Atlas,Australia,New South Wales,2011,"c(152.234661, -32.363071)"
7744f08a-19f7-4ee1-903d-bf19afa52120,Uredo rangelii,ALA_DR22913_238,-32.936307,151.670587,2011-10-24T00:00:00Z,PRESENT,NSW BioNet Atlas,Australia,New South Wales,2011,"c(151.670587, -32.936307)"
7eb9c56c-dd80-4ee7-b6a3-338a5bbb1da7,Uredo rangelii,ALA_DR22913_238,-32.908333,151.729722,2011-12-10T00:00:00Z,PRESENT,NSW BioNet Atlas,Australia,New South Wales,2011,"c(151.729722, -32.908333)"
7f8e9a22-76bc-4bb4-bf4e-95ba719fb570,Uredo rangelii,ALA_DR22913_238,-28.692,153.295,2011-02-01T00:00:00Z,PRESENT,NSW BioNet Atlas,Australia,New South Wales,2011,"c(153.295, -28.692)"
8883a953-b33d-4814-b903-eb2e05c0b97b,Uredo rangelii,ALA_DR22913_238,-28.990806,153.408139,2011-01-25T00:00:00Z,PRESENT,NSW BioNet Atlas,Australia,New South Wales,2011,"c(153.408139, -28.990806)"
89491bc2-98d3-4b2a-9536-d34bb8f4d695,Uredo rangelii,ALA_DR22913_238,-30.372824,153.06555,2011-03-31T00:00:00Z,PRESENT,NSW BioNet Atlas,Australia,New South Wales,2011,"c(153.06555, -30.372824)"
89587dd8-1bad-4800-af66-11ec4b4515cf,Uredo rangelii,ALA_DR22913_238,-32.204778,151.320333,2011-12-03T00:00:00Z,PRESENT,NSW BioNet Atlas,Australia,New South Wales,2011,"c(151.320333, -32.204778)"
898ac695-5af1-47d5-a00d-238f27f82e20,Uredo rangelii,ALA_DR22913_238,-35.012877,150.65372,2011-12-02T00:00:00Z,PRESENT,NSW BioNet Atlas,Australia,New South Wales,2011,"c(150.65372, -35.012877)"
89be2063-4fd5-4a9c-a816-d1165d0aef72,Uredo rangelii,ALA_DR22913_238,-35.045694,150.595112,2011-07-02T00:00:00Z,PRESENT,NSW BioNet Atlas,Australia,New South Wales,2011,"c(150.595112, -35.045694)"
8c9e0beb-edd2-4560-8b93-3fd13ba485f7,Uredo rangelii,ALA_DR22913_238,-32.19875,151.322194,2011-12-02T00:00:00Z,PRESENT,NSW BioNet Atlas,Australia,New South Wales,2011,"c(151.322194, -32.19875)"
9020b42b-fbe4-489e-bac2-67518c13ffff,Uredo rangelii,ALA_DR22913_238,-33.77,150.645,2011-04-07T00:00:00Z,PRESENT,NSW BioNet Atlas,Australia,New South Wales,2011,"c(150.645, -33.77)"
952c6570-d5f2-4513-98fa-366a7d37cbef,Uredo rangelii,ALA_DR22913_238,-30.941412,152.812844,2011-03-15T00:00:00Z,PRESENT,NSW BioNet Atlas,Australia,New South Wales,2011,"c(152.812844, -30.941412)"
97838510-aa15-4ca8-ac58-c95b330c9ffb,Uredo rangelii,ALA_DR22913_238,-28.8425,153.541667,2011-02-22T00:00:00Z,PRESENT,NSW BioNet Atlas,Australia,New South Wales,2011,"c(153.541667, -28.8425)"
99292652-3f15-422e-b139-450a55723f63,Uredo rangelii,ALA_DR22913_238,-29.4925,153.102778,2011-09-17T00:00:00Z,PRESENT,NSW BioNet Atlas,Australia,New South Wales,2011,"c(153.102778, -29.4925)"
9d816a94-da87-4c55-9a0d-4aada5673fab,Uredo rangelii,ALA_DR22913_238,-30.451392,152.890627,2011-03-26T00:00:00Z,PRESENT,NSW BioNet Atlas,Australia,New South Wales,2011,"c(152.890627, -30.451392)"
a2554de2-9fc8-4d4e-a419-3a3d36a071ae,Uredo rangelii,ALA_DR22913_238,-27.503333,151.964444,2011-07-14T00:00:00Z,PRESENT,Fungimap,Australia,Queensland,2011,"c(151.964444, -27.503333)"
a47d2620-ea9f-41f8-bc03-55cb6e28e232,Uredo rangelii,ALA_DR22913_238,-34.685949,150.617574,2011-11-15T00:00:00Z,PRESENT,NSW BioNet Atlas,Australia,New South Wales,2011,"c(150.617574, -34.685949)"
a68c8df3-d246-4dc9-b599-4d25fb85175c,Uredo rangelii,ALA_DR22913_238,-31.56968,152.588489,2011-11-03T00:00:00Z,PRESENT,NSW BioNet Atlas,Australia,New South Wales,2011,"c(152.588489, -31.56968)"
aa49e9c8-f862-4a86-8a89-b094b9defb39,Uredo rangelii,ALA_DR22913_238,-30.363802,153.060347,2011-03-31T00:00:00Z,PRESENT,NSW BioNet Atlas,Australia,New South Wales,2011,"c(153.060347, -30.363802)"
aae0e90a-1fa4-49e2-979d-fca990f1b87b,Uredo rangelii,ALA_DR22913_238,-32.434527,152.526634,2011-09-26T00:00:00Z,PRESENT,NSW BioNet Atlas,Australia,New South Wales,2011,"c(152.526634, -32.434527)"
ac3c9c7e-6736-43a9-a46d-26895bb62011,Uredo rangelii,ALA_DR22913_238,-35.62636,150.319348,2011-11-24T00:00:00Z,PRESENT,NSW BioNet Atlas,Australia,New South Wales,2011,"c(150.319348, -35.62636)"
b0c354b6-3353-4af5-95d6-eb2bec5f95f9,Uredo rangelii,ALA_DR22913_238,-31.279401,152.507087,2011-10-12T00:00:00Z,PRESENT,NSW BioNet Atlas,Australia,New South Wales,2011,"c(152.507087, -31.279401)"
b7024ce4-fa8b-4de4-821a-32c35ea35959,Uredo rangelii,ALA_DR22913_238,-32.378599,152.527458,2011-10-17T00:00:00Z,PRESENT,NSW BioNet Atlas,Australia,New South Wales,2011,"c(152.527458, -32.378599)"
bbce3cc2-d770-4656-a749-0cd2dc73d996,Uredo rangelii,ALA_DR22913_238,-35.558839999999996,150.330689,2011-11-24T00:00:00Z,PRESENT,NSW BioNet Atlas,Australia,New South Wales,2011,"c(150.330689, -35.55884)"
be8f4c09-52aa-410f-b7fc-ab65a153aa52,Uredo rangelii,ALA_DR22913_238,-30.593925,153.007296,2011-03-31T00:00:00Z,PRESENT,NSW BioNet Atlas,Australia,New South Wales,2011,"c(153.007296, -30.593925)"
c001931a-da60-49a0-8060-aa5ac6716d56,Uredo rangelii,ALA_DR22913_238,-32.400876,152.458756,2011-12-02T00:00:00Z,PRESENT,NSW BioNet Atlas,Australia,New South Wales,2011,"c(152.458756, -32.400876)"
c267f0bc-31a4-4900-9995-179113478a44,Uredo rangelii,ALA_DR22913_238,-32.453351,152.495681,2011-12-02T00:00:00Z,PRESENT,NSW BioNet Atlas,Australia,New South Wales,2011,"c(152.495681, -32.453351)"
c44c215b-4312-40fa-be55-c9a959e4dc6a,Uredo rangelii,ALA_DR22913_238,-30.404407,153.066619,2011-03-31T00:00:00Z,PRESENT,NSW BioNet Atlas,Australia,New South Wales,2011,"c(153.066619, -30.404407)"
c45c9cf3-8522-41d8-bec3-f981d0881617,Uredo rangelii,ALA_DR22913_238,-28.964861,153.405833,2011-01-25T00:00:00Z,PRESENT,NSW BioNet Atlas,Australia,New South Wales,2011,"c(153.405833, -28.964861)"
cdc91dfa-afbb-4ae8-a6b5-09ae36708241,Uredo rangelii,ALA_DR22913_238,-30.359396,153.062478,2011-03-31T00:00:00Z,PRESENT,NSW BioNet Atlas,Australia,New South Wales,2011,"c(153.062478, -30.359396)"
ce9185ab-39de-4cd2-b40f-4951a2cfc4d4,Uredo rangelii,ALA_DR22913_238,-35.623606,150.316316,2011-11-24T00:00:00Z,PRESENT,NSW BioNet Atlas,Australia,New South Wales,2011,"c(150.316316, -35.623606)"
d136e233-267f-4e10-aba8-4e4cead68e39,Uredo rangelii,ALA_DR22913_238,-30.360191,153.060331,2011-03-31T00:00:00Z,PRESENT,NSW BioNet Atlas,Australia,New South Wales,2011,"c(153.060331, -30.360191)"
d78ca627-65f8-4a80-abc6-aee94049c2d2,Uredo rangelii,ALA_DR22913_238,-34.22794,150.974034,2011-08-27T00:00:00Z,PRESENT,NSW BioNet Atlas,Australia,New South Wales,2011,"c(150.974034, -34.22794)"
d7e9df30-1581-4b93-a940-e1ad134c913b,Uredo rangelii,ALA_DR22913_238,-28.841389,153.439167,2011-01-22T00:00:00Z,PRESENT,NSW BioNet Atlas,Australia,New South Wales,2011,"c(153.439167, -28.841389)"
e43daedd-9cfe-4b0b-ba02-641bb429acb1,Uredo rangelii,ALA_DR22913_238,-28.842222,153.357222,2011-01-22T00:00:00Z,PRESENT,NSW BioNet Atlas,Australia,New South Wales,2011,"c(153.357222, -28.842222)"
e6557570-2321-4fbe-a08b-6592cdb6ab13,Uredo rangelii,ALA_DR22913_238,-35.688495,150.285871,2011-11-24T00:00:00Z,PRESENT,NSW BioNet Atlas,Australia,New South Wales,2011,"c(150.285871, -35.688495)"
ec4b23c9-db32-4c72-a61c-70ce8b1e584f,Uredo rangelii,ALA_DR22913_238,-32.200389,151.325389,2011-12-02T00:00:00Z,PRESENT,NSW BioNet Atlas,Australia,New South Wales,2011,"c(151.325389, -32.200389)"
efa20a55-57f8-483d-96d2-da4f51edbe48,Uredo rangelii,ALA_DR22913_238,-30.39899,153.071806,2011-03-31T00:00:00Z,PRESENT,NSW BioNet Atlas,Australia,New South Wales,2011,"c(153.071806, -30.39899)"
f1c670d0-38cd-40f1-8b16-81d86fb1e6d6,Uredo rangelii,ALA_DR22913_238,-35.606328,150.276179,2011-11-24T00:00:00Z,PRESENT,NSW BioNet Atlas,Australia,New South Wales,2011,"c(150.276179, -35.606328)"
f27ffc0d-b726-40c4-a89f-0b59e71a5a7c,Uredo rangelii,ALA_DR22913_238,-30.889167,152.913889,2011-01-29T00:00:00Z,PRESENT,NSW BioNet Atlas,Australia,New South Wales,2011,"c(152.913889, -30.889167)"
f3fa66f3-189e-469e-a0c7-b000eb7ea607,Uredo rangelii,ALA_DR22913_238,-29.673779,153.327081,2011-02-11T00:00:00Z,PRESENT,NSW BioNet Atlas,Australia,New South Wales,2011,"c(153.327081, -29.673779)"
053773fe-ff0e-40a6-8492-52f8e0fe46f7,Austropuccinia psidii,NZOR-6-102802,-27.539770999999998,153.033118,2012-04-04T20:27:00Z,PRESENT,NatureMapr,Australia,Queensland,2012,"c(153.033118, -27.539771)"
0ba5d983-a676-48d6-af95-fae42c5ac3c7,Uredo rangelii,ALA_DR22913_238,-35.067048,150.528591,2012-11-20T00:00:00Z,PRESENT,NSW BioNet Atlas,Australia,New South Wales,2012,"c(150.528591, -35.067048)"
159c4663-0c08-4c59-9b9c-9fd87c6d963a,Uredo rangelii,ALA_DR22913_238,-32.556389,151.170278,2012-03-01T00:00:00Z,PRESENT,NSW BioNet Atlas,Australia,New South Wales,2012,"c(151.170278, -32.556389)"
180a2172-0183-45b5-b36d-93fb40590e12,Uredo rangelii,ALA_DR22913_238,-30.829346,152.908768,2012-03-13T00:00:00Z,PRESENT,NSW BioNet Atlas,Australia,New South Wales,2012,"c(152.908768, -30.829346)"
1b359a4c-2d00-48cc-8671-a7dd290b6e4d,Uredo rangelii,ALA_DR22913_238,-31.224052,152.57435,2012-02-29T00:00:00Z,PRESENT,NSW BioNet Atlas,Australia,New South Wales,2012,"c(152.57435, -31.224052)"
3381e2bb-d5ee-4b70-a735-c1bb9fa2c45b,Uredo rangelii,ALA_DR22913_238,-32.92755,151.761967,2012-05-03T00:00:00Z,PRESENT,NSW BioNet Atlas,Australia,New South Wales,2012,"c(151.761967, -32.92755)"
39d986b7-45cd-48e6-b9d4-6ab394df6548,Austropuccinia psidii,NZOR-6-102802,-26.817505,152.932083,2012-01-03T22:05:00Z,PRESENT,iNaturalist Australia,Australia,Queensland,2012,"c(152.932083, -26.817505)"
3b04175e-a944-4d66-8139-1234ea230f9e,Austropuccinia psidii,NZOR-6-102802,-34.42,150.88,2012-02-29T00:00:00Z,PRESENT,NSW DPI Biosecurity Collections,Australia,New South Wales,2012,"c(150.88, -34.42)"
3d26e4e5-e8af-4e70-9c00-613f20e3331c,Uredo rangelii,ALA_DR22913_238,-33.833056,151.209444,2012-02-19T00:00:00Z,PRESENT,NSW BioNet Atlas,Australia,New South Wales,2012,"c(151.209444, -33.833056)"
3da23aa3-0354-4253-b2e0-4a81fea83a48,Uredo rangelii,ALA_DR22913_238,-32.183889,151.702222,2012-01-17T00:00:00Z,PRESENT,NSW BioNet Atlas,Australia,New South Wales,2012,"c(151.702222, -32.183889)"
451945bc-16ed-4045-a363-0746a515c8e1,Uredo rangelii,ALA_DR22913_238,-29.759569,153.292637,2012-07-21T00:00:00Z,PRESENT,NSW BioNet Atlas,Australia,New South Wales,2012,"c(153.292637, -29.759569)"
595daa51-85b4-423c-ba8b-2e593633ae88,Uredo rangelii,ALA_DR22913_238,-31.634117,152.604764,2012-10-03T00:00:00Z,PRESENT,NSW BioNet Atlas,Australia,New South Wales,2012,"c(152.604764, -31.634117)"
5ac654de-b349-4b6d-928f-a5efdfeba1ce,Uredo rangelii,ALA_DR22913_238,-31.670182,152.736128,2012-03-01T00:00:00Z,PRESENT,NSW BioNet Atlas,Australia,New South Wales,2012,"c(152.736128, -31.670182)"
5ec7e155-ee0d-4f7d-9adb-2f8e395e58cd,Uredo rangelii,ALA_DR22913_238,-31.535224,152.733971,2012-12-07T00:00:00Z,PRESENT,NSW BioNet Atlas,Australia,New South Wales,2012,"c(152.733971, -31.535224)"
66f27dca-3989-4620-af9a-b97bc8f4780e,Uredo rangelii,ALA_DR22913_238,-34.300507,150.924779,2012-05-08T00:00:00Z,PRESENT,NSW BioNet Atlas,Australia,New South Wales,2012,"c(150.924779, -34.300507)"
68106a36-93e1-4d29-a8e1-dfb6813322a0,Uredo rangelii,ALA_DR22913_238,-32.235278,151.729722,2012-01-17T00:00:00Z,PRESENT,NSW BioNet Atlas,Australia,New South Wales,2012,"c(151.729722, -32.235278)"
6961e724-3bf8-4511-b283-05283e33617f,Uredo rangelii,ALA_DR22913_238,-33.375254,150.673134,2012-04-16T00:00:00Z,PRESENT,NSW BioNet Atlas,Australia,New South Wales,2012,"c(150.673134, -33.375254)"
6a5b78a2-1009-4344-b129-39e71389558c,Austropuccinia psidii,NZOR-6-102802,-27.539770999999998,153.033118,2012-04-05T06:52:00Z,PRESENT,iNaturalist Australia,Australia,Queensland,2012,"c(153.033118, -27.539771)"
7fcb8f7e-1341-456e-ab8e-01689cf28407,Uredo rangelii,ALA_DR22913_238,-31.352222,152.751667,2012-01-18T00:00:00Z,PRESENT,NSW BioNet Atlas,Australia,New South Wales,2012,"c(152.751667, -31.352222)"
86a18268-ec10-4791-8564-73629ce88878,Uredo rangelii,ALA_DR22913_238,-33.811111,151.200278,2012-01-30T00:00:00Z,PRESENT,NSW BioNet Atlas,Australia,New South Wales,2012,"c(151.200278, -33.811111)"
9365c2c1-6901-4b9d-8152-b5e90fa125fb,Uredo rangelii,ALA_DR22913_238,-31.64586,152.627653,2012-09-27T00:00:00Z,PRESENT,NSW BioNet Atlas,Australia,New South Wales,2012,"c(152.627653, -31.64586)"
9c75ba5c-5d97-4395-9886-5354b8950f8a,Uredo rangelii,ALA_DR22913_238,-31.761667,152.597778,2012-01-18T00:00:00Z,PRESENT,NSW BioNet Atlas,Australia,New South Wales,2012,"c(152.597778, -31.761667)"
a47c0cc3-7b1f-4008-8234-8a7291c0f87d,Uredo rangelii,ALA_DR22913_238,-33.75815,150.965583,2012-01-01T00:00:00Z,PRESENT,NSW BioNet Atlas,Australia,New South Wales,2012,"c(150.965583, -33.75815)"
ab605b94-2cc1-4b25-95ab-d9afeef9ca8f,Uredo rangelii,ALA_DR22913_238,-30.865572,152.795157,2012-02-09T00:00:00Z,PRESENT,NSW BioNet Atlas,Australia,New South Wales,2012,"c(152.795157, -30.865572)"
bb09993e-fc97-43cc-85cc-93c74f998de3,Uredo rangelii,ALA_DR22913_238,-32.149396,151.511439,2012-12-18T00:00:00Z,PRESENT,NSW BioNet Atlas,Australia,New South Wales,2012,"c(151.511439, -32.149396)"
bd6d4c9b-4e5e-4345-af6e-0fdd8dbc5196,Uredo rangelii,ALA_DR22913_238,-31.898937,151.771257,2012-10-30T00:00:00Z,PRESENT,NSW BioNet Atlas,Australia,New South Wales,2012,"c(151.771257, -31.898937)"
c11b1b02-d15f-4314-b66c-0271f860ebf5,Austropuccinia psidii,NZOR-6-102802,-38.028063,145.337457,2012-03-14T22:54:00Z,PRESENT,iNaturalist Australia,Australia,Victoria,2012,"c(145.337457, -38.028063)"
c2a02caf-0aef-40e9-a898-21ec974b4b93,Uredo rangelii,ALA_DR22913_238,-31.801358,151.795181,2012-06-05T00:00:00Z,PRESENT,NSW BioNet Atlas,Australia,New South Wales,2012,"c(151.795181, -31.801358)"
c7df67da-c789-4c63-8540-4297a5450388,Uredo rangelii,ALA_DR22913_238,-33.048749,151.056596,2012-05-01T00:00:00Z,PRESENT,NSW BioNet Atlas,Australia,New South Wales,2012,"c(151.056596, -33.048749)"
d1ae6e83-c360-486d-ac32-8dbce55e9255,Uredo rangelii,ALA_DR22913_238,-31.637833,152.613227,2012-09-27T00:00:00Z,PRESENT,NSW BioNet Atlas,Australia,New South Wales,2012,"c(152.613227, -31.637833)"
d87ea99e-df0a-49be-bb91-db2e00f5e0de,Uredo rangelii,ALA_DR22913_238,-31.66909,152.734687,2012-12-13T00:00:00Z,PRESENT,NSW BioNet Atlas,Australia,New South Wales,2012,"c(152.734687, -31.66909)"
da8da931-8a6f-426f-ba1d-f84d07883d69,Uredo rangelii,ALA_DR22913_238,-30.822746,152.916365,2012-03-16T00:00:00Z,PRESENT,NSW BioNet Atlas,Australia,New South Wales,2012,"c(152.916365, -30.822746)"
df8332c8-9007-4587-bd96-8712d1f3f427,Uredo rangelii,ALA_DR22913_238,-34.180747,151.01885,2012-02-15T00:00:00Z,PRESENT,NSW BioNet Atlas,Australia,New South Wales,2012,"c(151.01885, -34.180747)"
e8077dc7-e2b6-4f92-afe7-034d49866132,Uredo rangelii,ALA_DR22913_238,-31.711556,152.691283,2012-02-24T00:00:00Z,PRESENT,NSW BioNet Atlas,Australia,New South Wales,2012,"c(152.691283, -31.711556)"
edbaadc6-aadc-4eb2-8469-3904c590f928,Uredo rangelii,ALA_DR22913_238,-31.911136,151.79317699999999,2012-10-18T00:00:00Z,PRESENT,NSW BioNet Atlas,Australia,New South Wales,2012,"c(151.793177, -31.911136)"
f01db6d5-5977-481b-abdb-e392b7bc523c,Uredo rangelii,ALA_DR22913_238,-31.90803,151.787211,2012-10-17T00:00:00Z,PRESENT,NSW BioNet Atlas,Australia,New South Wales,2012,"c(151.787211, -31.90803)"
f3e99d08-0d6e-4cc1-8550-ee3067d28eae,Uredo rangelii,ALA_DR22913_238,-31.899311,151.773589,2012-10-15T00:00:00Z,PRESENT,NSW BioNet Atlas,Australia,New South Wales,2012,"c(151.773589, -31.899311)"
f42d8904-9bbf-4535-a904-cf5890dbea22,Austropuccinia psidii,NZOR-6-102802,-27.549755,152.509408,2012-12-16T05:33:00Z,PRESENT,iNaturalist Australia,Australia,Queensland,2012,"c(152.509408, -27.549755)"
f53d421d-5a4a-4f08-b07f-24ea36bc33a2,Uredo rangelii,ALA_DR22913_238,-29.694144,152.946693,2012-04-29T00:00:00Z,PRESENT,NSW BioNet Atlas,Australia,New South Wales,2012,"c(152.946693, -29.694144)"
f97fa253-47c6-4f8a-90a5-a013a1bf679e,Uredo rangelii,ALA_DR22913_238,-31.253977,152.966391,2012-04-21T00:00:00Z,PRESENT,NSW BioNet Atlas,Australia,New South Wales,2012,"c(152.966391, -31.253977)"
25374f76-3190-4a6d-a359-e5c7b4aa9016,Uredo rangelii,ALA_DR22913_238,-31.516302,152.685167,2013-03-26T00:00:00Z,PRESENT,NSW BioNet Atlas,Australia,New South Wales,2013,"c(152.685167, -31.516302)"
553c63f4-f21f-4efc-b9a3-862e249dcb6a,Uredo rangelii,ALA_DR22913_238,-31.562996,152.781827,2013-04-16T00:00:00Z,PRESENT,NSW BioNet Atlas,Australia,New South Wales,2013,"c(152.781827, -31.562996)"
58be4432-1411-4724-85f2-da74b186caad,Austropuccinia psidii,NZOR-6-102802,-33.999418,151.061074,2013-03-27T10:00:37Z,PRESENT,Encyclopedia of Life Images - Flickr Group,Australia,New South Wales,2013,"c(151.061074, -33.999418)"
672736c5-52b6-4460-bbcf-c56db2608724,Uredo rangelii,ALA_DR22913_238,-32.308628,152.116901,2013-09-13T00:00:00Z,PRESENT,NSW BioNet Atlas,Australia,New South Wales,2013,"c(152.116901, -32.308628)"
7486e6cb-a60a-4728-aba6-70dd62caea5e,Austropuccinia psidii,NZOR-6-102802,-33.75,151,2013-05-20T00:00:00Z,PRESENT,NSW DPI Biosecurity Collections,Australia,New South Wales,2013,"c(151, -33.75)"
803c0abc-0323-405a-a433-20bd573631d6,Austropuccinia psidii,NZOR-6-102802,-33.999418,151.061074,2013-03-27T10:01:54Z,PRESENT,Encyclopedia of Life Images - Flickr Group,Australia,New South Wales,2013,"c(151.061074, -33.999418)"
834683e0-7659-4a35-a058-1424ed43db5d,Uredo rangelii,ALA_DR22913_238,-34.71507,150.462388,2013-09-20T00:00:00Z,PRESENT,NSW BioNet Atlas,Australia,New South Wales,2013,"c(150.462388, -34.71507)"
8370202d-8f7e-4553-b4a8-472c31378407,Uredo rangelii,ALA_DR22913_238,-32.360906,152.341545,2013-03-08T00:00:00Z,PRESENT,NSW BioNet Atlas,Australia,New South Wales,2013,"c(152.341545, -32.360906)"
8fe44082-f2e0-458a-b23b-e14447d2c01b,Uredo rangelii,ALA_DR22913_238,-30.424725,153.02093,2013-02-18T00:00:00Z,PRESENT,NSW BioNet Atlas,Australia,New South Wales,2013,"c(153.02093, -30.424725)"
9eec2655-675f-4c06-8721-05cd4f9e6d9b,Uredo rangelii,ALA_DR22913_238,-31.671125,152.71219,2013-01-16T00:00:00Z,PRESENT,NSW BioNet Atlas,Australia,New South Wales,2013,"c(152.71219, -31.671125)"
d6cf2131-094a-4e1c-819e-4fce029656f8,Austropuccinia psidii,NZOR-6-102802,-33.999418,151.061074,2013-03-27T10:00:37Z,PRESENT,Encyclopedia of Life Images - Flickr Group,Australia,New South Wales,2013,"c(151.061074, -33.999418)"
daf5226f-4ec6-409c-9bcf-78670e3fa416,Uredo rangelii,ALA_DR22913_238,-31.566301,152.75381,2013-04-19T00:00:00Z,PRESENT,NSW BioNet Atlas,Australia,New South Wales,2013,"c(152.75381, -31.566301)"
ef9072b4-c10b-4c20-95de-b93f2475b9d9,Austropuccinia psidii,NZOR-6-102802,-33.999418,151.061074,2013-03-27T10:01:54Z,PRESENT,Encyclopedia of Life Images - Flickr Group,Australia,New South Wales,2013,"c(151.061074, -33.999418)"
0ff08916-321a-4f60-92a4-7454ec4460d3,Uredo rangelii,ALA_DR22913_238,-32.338593,152.112721,2014-01-08T00:00:00Z,PRESENT,NSW BioNet Atlas,Australia,New South Wales,2014,"c(152.112721, -32.338593)"
17fc2dca-de70-4279-814e-32971d31ee4f,Uredo rangelii,ALA_DR22913_238,-32.252185,151.769934,2014-05-07T00:00:00Z,PRESENT,NSW BioNet Atlas,Australia,New South Wales,2014,"c(151.769934, -32.252185)"
5714cf83-4d57-4a9e-bafe-ede5d9001ed2,Uredo rangelii,ALA_DR22913_238,-32.334058,152.109259,2014-01-08T00:00:00Z,PRESENT,NSW BioNet Atlas,Australia,New South Wales,2014,"c(152.109259, -32.334058)"
658dd86a-bef0-4c9c-aaf9-97b23b503ae6,Uredo rangelii,ALA_DR22913_238,-32.253284,151.77166,2014-05-07T00:00:00Z,PRESENT,NSW BioNet Atlas,Australia,New South Wales,2014,"c(151.77166, -32.253284)"
71697288-314b-4e4d-8040-17eb63f774dd,Uredo rangelii,ALA_DR22913_238,-32.25348,151.770426,2014-05-07T00:00:00Z,PRESENT,NSW BioNet Atlas,Australia,New South Wales,2014,"c(151.770426, -32.25348)"
c82f748a-9945-4837-b201-b38a337e0000,Uredo rangelii,ALA_DR22913_238,-32.260028,151.77038,2014-05-06T00:00:00Z,PRESENT,NSW BioNet Atlas,Australia,New South Wales,2014,"c(151.77038, -32.260028)"
e23a946a-1338-4daf-9029-336144737a12,Uredo rangelii,ALA_DR22913_238,-32.336988,152.107689,2014-01-08T00:00:00Z,PRESENT,NSW BioNet Atlas,Australia,New South Wales,2014,"c(152.107689, -32.336988)"
e778f393-863d-4a71-a7f8-84127213943c,Uredo rangelii,ALA_DR22913_238,-32.334499,152.106598,2014-01-08T00:00:00Z,PRESENT,NSW BioNet Atlas,Australia,New South Wales,2014,"c(152.106598, -32.334499)"
72a1225a-50a0-4f15-a08d-a22bc89c6551,Austropuccinia psidii,NZOR-6-102802,-27.539770999999998,153.033118,2015-11-22T22:52:00Z,PRESENT,iNaturalist Australia,Australia,Queensland,2015,"c(153.033118, -27.539771)"
8e7fd939-a414-4530-86d2-820816f5c450,Uredo rangelii,ALA_DR22913_238,-30.45693,152.590222,2015-11-26T00:00:00Z,PRESENT,NSW BioNet Atlas,Australia,New South Wales,2015,"c(152.590222, -30.45693)"
90c1dacc-0335-4278-97bc-21b250ec2b2a,Austropuccinia psidii,NZOR-6-102802,-27.503779,152.999051,2015-08-25T00:00:00Z,PRESENT,iNaturalist Australia,Australia,Queensland,2015,"c(152.999051, -27.503779)"
e6e3c3da-577f-4fd9-90a5-835b5825b463,Austropuccinia psidii,NZOR-6-102802,-27.549817,152.509258,2015-11-04T05:28:00Z,PRESENT,iNaturalist Australia,Australia,Queensland,2015,"c(152.509258, -27.549817)"
1b4bd81e-2319-400d-a584-2bd4d8a27000,Uredo rangelii,ALA_DR22913_238,-35.333729,150.184478,2017-04-07T00:00:00Z,PRESENT,NSW BioNet Atlas,Australia,New South Wales,2017,"c(150.184478, -35.333729)"
44d3fc3b-8f9e-471e-a6bf-754595658093,Austropuccinia psidii,NZOR-6-102802,-36.05,150.13,2017-04-20T00:00:00Z,PRESENT,NSW DPI Biosecurity Collections,Australia,New South Wales,2017,"c(150.13, -36.05)"
8e4a2946-f9ca-42cc-a6d4-677e8ac79b0e,Austropuccinia psidii,NZOR-6-102802,-17.121997,145.631276,2017-12-21T00:10:00Z,PRESENT,iNaturalist Australia,Australia,Queensland,2017,"c(145.631276, -17.121997)"
9bdb94a7-654a-4013-9d66-4a77328eb863,Uredo rangelii,ALA_DR22913_238,-35.46606,150.351564,2017-03-29T00:00:00Z,PRESENT,NSW BioNet Atlas,Australia,New South Wales,2017,"c(150.351564, -35.46606)"
f55b21f5-3917-4b17-a25d-4e0bffda4d88,Uredo rangelii,ALA_DR22913_238,-35.483798,150.180626,2017-01-11T00:00:00Z,PRESENT,NSW BioNet Atlas,Australia,New South Wales,2017,"c(150.180626, -35.483798)"
2883386b-7dc2-401a-a7b9-6a4029e083d9,Austropuccinia psidii,NZOR-6-102802,-27.463409,153.016186,2018-07-08T23:16:00Z,PRESENT,Earth Guardians Weekly Feed,Australia,Queensland,2018,"c(153.016186, -27.463409)"
59ba23e0-5208-486a-a745-90a7f9a1cbea,Uredo rangelii,ALA_DR22913_238,-34.140639,151.025538,2018-04-23T00:20:00Z,PRESENT,Earth Guardians Weekly Feed,Australia,New South Wales,2018,"c(151.025538, -34.140639)"
893a33da-c28b-4704-adae-6352f9415508,Austropuccinia psidii,NZOR-6-102802,-17.239102,145.773918,2018-09-02T05:19:00Z,PRESENT,iNaturalist Australia,Australia,Queensland,2018,"c(145.773918, -17.239102)"
ad0c13d6-214c-44aa-9b97-dc2512716357,Austropuccinia psidii,NZOR-6-102802,-38.103572,145.281813,2018-01-29T04:41:51Z,PRESENT,iNaturalist Australia,Australia,Victoria,2018,"c(145.281813, -38.103572)"
f148fbfc-adbf-4c17-9e8b-84d52518d6c1,Austropuccinia psidii,NZOR-6-102802,-19.2936,146.7886,2018-09-17T03:22:00Z,PRESENT,iNaturalist Australia,Australia,Queensland,2018,"c(146.7886, -19.2936)"
1216bd0c-befa-48ed-88a8-fadc1cd9dc34,Austropuccinia psidii,NZOR-6-102802,-30.411318,153.070027,2019-10-11T16:24:22Z,PRESENT,iNaturalist Australia,Australia,New South Wales,2019,"c(153.070027, -30.411318)"
2387cdb6-a121-402f-b371-3c1daa16bcc2,Austropuccinia psidii,NZOR-6-102802,-28.497083,153.528337,2019-08-14T12:12:00Z,PRESENT,Earth Guardians Weekly Feed,Australia,New South Wales,2019,"c(153.528337, -28.497083)"
6561fa22-52db-443c-9e2c-a035184822ca,Austropuccinia psidii,NZOR-6-102802,-33.736325,151.154922,2019-04-16T00:09:29Z,PRESENT,iNaturalist Australia,Australia,New South Wales,2019,"c(151.154922, -33.736325)"
86b062c0-2bb4-4e08-9675-452e636ee243,Austropuccinia psidii,NZOR-6-102802,-30.408504,152.995053,2019-06-22T02:15:00Z,PRESENT,iNaturalist Australia,Australia,New South Wales,2019,"c(152.995053, -30.408504)"
bab97184-a836-4c22-8259-884e8c5dd71f,Austropuccinia psidii,NZOR-6-102802,-26.757651,152.802536,2019-09-22T09:51:00Z,PRESENT,iNaturalist Australia,Australia,Queensland,2019,"c(152.802536, -26.757651)"
dc853ebe-1cdb-42cb-bbbd-6018a53f3ba1,Austropuccinia psidii,NZOR-6-102802,-28.629469,153.574415,2019-08-31T21:35:30Z,PRESENT,iNaturalist Australia,Australia,New South Wales,2019,"c(153.574415, -28.629469)"
f9f35a49-a254-41b5-be8d-c71dbc4519d0,Austropuccinia psidii,NZOR-6-102802,-30.351589,153.08131,2019-07-30T12:22:00Z,PRESENT,iNaturalist Australia,Australia,New South Wales,2019,"c(153.08131, -30.351589)"
1c36e643-c0d4-4da2-a7ab-f7e950a5cb7b,Austropuccinia psidii,NZOR-6-102802,-30.351277,153.081686,2020-05-12T08:41:00Z,PRESENT,iNaturalist Australia,Australia,New South Wales,2020,"c(153.081686, -30.351277)"
26b6c882-390a-4b3a-8c78-67a3d6ccd4bd,Austropuccinia psidii,NZOR-6-102802,-27.946753,153.18965,2020-02-02T07:50:00Z,PRESENT,iNaturalist Australia,Australia,Queensland,2020,"c(153.18965, -27.946753)"
311ba685-7d23-426f-9fc0-87fc53b7d0fd,Austropuccinia psidii,NZOR-6-102802,-33.665787,151.3035,2020-06-20T06:18:45Z,PRESENT,iNaturalist Australia,Australia,New South Wales,2020,"c(151.3035, -33.665787)"
3de05768-076b-4845-88be-ee49467d92d5,Austropuccinia psidii,NZOR-6-102802,-30.351322,153.081579,2020-11-14T08:17:00Z,PRESENT,iNaturalist Australia,Australia,New South Wales,2020,"c(153.081579, -30.351322)"
569bfd3c-1075-42b7-a6e2-10be6454d3f2,Austropuccinia psidii,NZOR-6-102802,-28.22768,153.285991,2020-10-21T04:28:00Z,PRESENT,iNaturalist Australia,Australia,Queensland,2020,"c(153.285991, -28.22768)"
636cc593-a775-433b-b9d8-1456a27a2688,Austropuccinia psidii,NZOR-6-102802,-26.77325,153.03586,2020-12-30T12:00:00Z,PRESENT,iNaturalist Australia,Australia,Queensland,2020,"c(153.03586, -26.77325)"
823625b3-e893-4f02-8111-b3f6dbc3ee37,Austropuccinia psidii,NZOR-6-102802,-35.124173,150.660965,2020-12-02T20:15:00Z,PRESENT,iNaturalist Australia,Australia,Australian Capital Territory,2020,"c(150.660965, -35.124173)"
ad3a6b75-6205-4226-8a1d-2348934346fe,Austropuccinia psidii,NZOR-6-102802,-28.23366,153.267164,2020-12-06T05:19:00Z,PRESENT,iNaturalist Australia,Australia,Queensland,2020,"c(153.267164, -28.23366)"
e5e0da28-9dee-4b6a-850a-f59b71acd155,Austropuccinia psidii,NZOR-6-102802,-35.593095,150.328705,2020-12-28T03:09:36Z,PRESENT,iNaturalist Australia,Australia,New South Wales,2020,"c(150.328705, -35.593095)"
e74091b8-b9e2-489b-82f0-056277b2cd57,Austropuccinia psidii,NZOR-6-102802,-28.001361,152.677716,2020-04-17T21:56:48Z,PRESENT,iNaturalist Australia,Australia,Queensland,2020,"c(152.677716, -28.001361)"
0734a118-0c81-49b2-9193-20ad2b4f4df7,Austropuccinia psidii,NZOR-6-102802,-27.405262,152.804368,2021-12-17T09:06:00Z,PRESENT,iNaturalist Australia,Australia,Queensland,2021,"c(152.804368, -27.405262)"
0fd80e8b-d383-4dd1-b72b-02e4958a8418,Austropuccinia psidii,NZOR-6-102802,-27.5,153,2021-06-02T19:54:00Z,PRESENT,NatureMapr,Australia,Queensland,2021,"c(153, -27.5)"
197163bc-d1a5-40fa-8b73-0324e3d3c5e2,Austropuccinia psidii,NZOR-6-102802,-27.515611,153.085786,2021-02-06T01:48:00Z,PRESENT,iNaturalist Australia,Australia,Queensland,2021,"c(153.085786, -27.515611)"
1c795e27-d048-44a8-9f29-ab28a23456e1,Austropuccinia psidii,NZOR-6-102802,-35.057762,150.580557,2021-06-03T06:08:42Z,PRESENT,iNaturalist Australia,Australia,New South Wales,2021,"c(150.580557, -35.057762)"
25e52ebe-d5bc-4044-97b4-b1db383f2ccf,Austropuccinia psidii,NZOR-6-102802,-33.909106,151.206097,2021-09-19T01:58:31Z,PRESENT,iNaturalist Australia,Australia,New South Wales,2021,"c(151.206097, -33.909106)"
2c513821-cfc9-4468-844f-a3b4e1d68909,Austropuccinia psidii,NZOR-6-102802,-27.5,153,2021-06-03T11:08:00Z,PRESENT,Earth Guardians Weekly Feed,Australia,Queensland,2021,"c(153, -27.5)"
3abc8372-36e8-4d68-a5e7-4a0f32eaa78c,Austropuccinia psidii,NZOR-6-102802,-28.209535,153.289829,2021-12-11T23:44:00Z,PRESENT,iNaturalist Australia,Australia,Queensland,2021,"c(153.289829, -28.209535)"
56b6e77b-4d1b-4b12-b363-5e93dac88519,Austropuccinia psidii,NZOR-6-102802,-27.549131,152.996108,2021-01-10T04:17:00Z,PRESENT,iNaturalist Australia,Australia,Queensland,2021,"c(152.996108, -27.549131)"
5f2618e5-7f15-4335-8efb-f5a6b1037ba4,Austropuccinia psidii,NZOR-6-102802,-27.404517,152.80191,2021-12-17T08:35:00Z,PRESENT,iNaturalist Australia,Australia,Queensland,2021,"c(152.80191, -27.404517)"
764e47b6-7c3c-4252-8edb-7465805f22b8,Austropuccinia psidii,NZOR-6-102802,-18.4,146.1,2021-04-02T08:25:00Z,PRESENT,Earth Guardians Weekly Feed,Australia,Queensland,2021,"c(146.1, -18.4)"
7d83d91e-b34e-4f3f-a1c2-edeb681fdc4d,Austropuccinia psidii,NZOR-6-102802,-28.170605,153.192285,2021-06-27T04:14:00Z,PRESENT,iNaturalist Australia,Australia,Queensland,2021,"c(153.192285, -28.170605)"
7ee884ce-1bf4-4402-8703-dfe427f9ed04,Austropuccinia psidii,NZOR-6-102802,-26.385217,152.929437,2021-12-30T02:29:00Z,PRESENT,iNaturalist Australia,Australia,Queensland,2021,"c(152.929437, -26.385217)"
8879ad68-e355-48a1-87fe-bab7a9e95001,Austropuccinia psidii,NZOR-6-102802,-28.814085,153.289589,2021-09-28T13:55:00Z,PRESENT,iNaturalist Australia,Australia,New South Wales,2021,"c(153.289589, -28.814085)"
889660bc-7ea4-4f4e-81c9-b2b81487c04e,Austropuccinia psidii,NZOR-6-102802,-37.944903,145.008042,2021-12-05T04:16:00Z,PRESENT,iNaturalist Australia,Australia,Victoria,2021,"c(145.008042, -37.944903)"
8af40212-e3d6-4971-a562-6398f14fea6f,Austropuccinia psidii,NZOR-6-102802,-27.918731,153.204034,2021-01-24T06:53:00Z,PRESENT,iNaturalist Australia,Australia,Queensland,2021,"c(153.204034, -27.918731)"
8e7fbe10-93d6-4379-8d2b-23821831076a,Austropuccinia psidii,NZOR-6-102802,-28.047295,152.39448,2021-10-28T23:02:00Z,PRESENT,iNaturalist Australia,Australia,Queensland,2021,"c(152.39448, -28.047295)"
9368081d-ec2b-45ad-aa2b-be9a06057cc8,Austropuccinia psidii,NZOR-6-102802,-17.517816,146.010428,2021-09-23T01:20:00Z,PRESENT,iNaturalist Australia,Australia,Queensland,2021,"c(146.010428, -17.517816)"
a65b50cd-8b3c-481b-a714-5545c54c3c73,Austropuccinia psidii,NZOR-6-102802,-27.404807,152.803362,2021-12-17T08:52:00Z,PRESENT,iNaturalist Australia,Australia,Queensland,2021,"c(152.803362, -27.404807)"
a788fb74-08f6-4f4f-9fb5-48b9eaa93f56,Austropuccinia psidii,NZOR-6-102802,-27.941684,153.22233,2021-08-15T06:20:17Z,PRESENT,iNaturalist Australia,Australia,Queensland,2021,"c(153.22233, -27.941684)"
aeaeab12-84d6-4d5a-b9dd-516f5b983d09,Austropuccinia psidii,NZOR-6-102802,-27.9763,152.377411,2021-05-22T02:01:00Z,PRESENT,iNaturalist Australia,Australia,Queensland,2021,"c(152.377411, -27.9763)"
b71c301b-42a0-4a92-86f6-061d42807603,Austropuccinia psidii,NZOR-6-102802,-30.224537,152.918183,2021-07-26T01:16:26Z,PRESENT,iNaturalist Australia,Australia,New South Wales,2021,"c(152.918183, -30.224537)"
b88ba926-3b1d-4e19-80e8-e842be9a1492,Austropuccinia psidii,NZOR-6-102802,-37.832944,144.9815,2021-03-02T00:00:00Z,PRESENT,National Herbarium of Victoria (MEL) AVH data,Australia,Victoria,2021,"c(144.9815, -37.832944)"
ba63d247-2ee4-46ed-bdf5-93d9d7ca7468,Austropuccinia psidii,NZOR-6-102802,-27.976097,152.380433,2021-05-22T01:30:00Z,PRESENT,iNaturalist Australia,Australia,Queensland,2021,"c(152.380433, -27.976097)"
bcb89138-6b57-4f2e-ac6a-d81d994cf852,Austropuccinia psidii,NZOR-6-102802,-30.222245,152.919905,2021-10-15T04:25:57Z,PRESENT,iNaturalist Australia,Australia,New South Wales,2021,"c(152.919905, -30.222245)"
c60f9941-e3e8-4940-aa71-06e5abfc6cf2,Austropuccinia psidii,NZOR-6-102802,-28.215206,153.287484,2021-12-12T01:35:00Z,PRESENT,iNaturalist Australia,Australia,Queensland,2021,"c(153.287484, -28.215206)"
d5b2e1bd-dd99-4325-8444-0d7d2ce2bb12,Austropuccinia psidii,NZOR-6-102802,-28.237828,153.350588,2021-12-23T20:52:00Z,PRESENT,iNaturalist Australia,Australia,Queensland,2021,"c(153.350588, -28.237828)"
e5cf81b1-0487-4092-b2bd-1561e3f4a0c7,Austropuccinia psidii,NZOR-6-102802,-28.34211,153.124378,2021-04-15T02:46:00Z,PRESENT,iNaturalist Australia,Australia,New South Wales,2021,"c(153.124378, -28.34211)"
e9a721b2-4bc9-4c0f-a212-a39280f5f371,Austropuccinia psidii,NZOR-6-102802,-30.366396,152.848923,2021-10-02T04:42:18Z,PRESENT,iNaturalist Australia,Australia,New South Wales,2021,"c(152.848923, -30.366396)"
f1f6725d-df01-4a84-b21a-bce3b3416b0b,Austropuccinia psidii,NZOR-6-102802,-27.382356,152.781386,2021-01-30T02:27:00Z,PRESENT,iNaturalist Australia,Australia,Queensland,2021,"c(152.781386, -27.382356)"
03d1398a-94df-4085-83ca-bbc2f8207df3,Austropuccinia psidii,NZOR-6-102802,-28.236325,153.251335,2022-11-26T03:40:00Z,PRESENT,iNaturalist Australia,Australia,Queensland,2022,"c(153.251335, -28.236325)"
04190cd5-a7e8-46fd-a1ea-a5e1e4940728,Austropuccinia psidii,NZOR-6-102802,-33.907517,151.189562,2022-10-14T05:06:51Z,PRESENT,iNaturalist Australia,Australia,New South Wales,2022,"c(151.189562, -33.907517)"
05ba9fe5-1f20-4c13-b589-567b5a855d1d,Austropuccinia psidii,NZOR-6-102802,-30.351265,153.081697,2022-01-04T06:17:00Z,PRESENT,iNaturalist Australia,Australia,New South Wales,2022,"c(153.081697, -30.351265)"
09ac9880-2e80-44a0-9405-c25d4c4f97d0,Austropuccinia psidii,NZOR-6-102802,-30.136183,153.185241,2022-10-31T01:54:00Z,PRESENT,iNaturalist Australia,Australia,New South Wales,2022,"c(153.185241, -30.136183)"
0b7b005f-7061-4c9f-ba78-c6f423b5f8d4,Austropuccinia psidii,NZOR-6-102802,-28.168565,153.414937,2022-06-19T00:21:00Z,PRESENT,iNaturalist Australia,Australia,Queensland,2022,"c(153.414937, -28.168565)"
0ceb12b5-9068-4ed9-996e-1ca96c2eb2e2,Austropuccinia psidii,NZOR-6-102802,-33.9021,151.194962,2022-09-30T22:35:56Z,PRESENT,iNaturalist Australia,Australia,New South Wales,2022,"c(151.194962, -33.9021)"
0ecee8e9-8089-460c-915c-5b166ff1cc79,Austropuccinia psidii,NZOR-6-102802,-33.912178,151.184708,2022-10-16T06:00:49Z,PRESENT,iNaturalist Australia,Australia,New South Wales,2022,"c(151.184708, -33.912178)"
1142346a-a7fa-4cca-8e83-aa7c34eae624,Austropuccinia psidii,NZOR-6-102802,-17.759982,145.637288,2022-03-02T23:41:00Z,PRESENT,iNaturalist Australia,Australia,Queensland,2022,"c(145.637288, -17.759982)"
1b9d72c6-5552-4213-a95b-789956d52d87,Austropuccinia psidii,NZOR-6-102802,-33.907158,151.189012,2022-06-30T06:30:25Z,PRESENT,iNaturalist Australia,Australia,New South Wales,2022,"c(151.189012, -33.907158)"
1bd98893-a469-44d4-9df9-23abacb8e9cc,Austropuccinia psidii,NZOR-6-102802,-27.65829,153.161947,2022-11-13T21:12:43Z,PRESENT,iNaturalist Australia,Australia,Queensland,2022,"c(153.161947, -27.65829)"
1cbd1f06-728d-48af-b7be-e6525cfe89eb,Austropuccinia psidii,NZOR-6-102802,-32.90196,151.670265,2022-06-16T03:38:22Z,PRESENT,iNaturalist Australia,Australia,New South Wales,2022,"c(151.670265, -32.90196)"
1da0e18d-2818-4b9c-a689-d5611d0f13bb,Austropuccinia psidii,NZOR-6-102802,-27.401027,152.772755,2022-11-11T10:35:00Z,PRESENT,iNaturalist Australia,Australia,Queensland,2022,"c(152.772755, -27.401027)"
201b867c-bd65-4b62-bf24-532d89d39b39,Austropuccinia psidii,NZOR-6-102802,-38.268601,144.62082,2022-06-25T03:34:14Z,PRESENT,iNaturalist Australia,Australia,Victoria,2022,"c(144.62082, -38.268601)"
2509de92-d501-4f20-82cc-976f0764dc8f,Austropuccinia psidii,NZOR-6-102802,-27.539047,152.988542,2022-11-13T00:07:00Z,PRESENT,iNaturalist Australia,Australia,Queensland,2022,"c(152.988542, -27.539047)"
25c1c546-e672-41ab-8021-3af91c682a6b,Austropuccinia psidii,NZOR-6-102802,-17.281317,145.626708,2022-10-05T10:51:00Z,PRESENT,iNaturalist Australia,Australia,Queensland,2022,"c(145.626708, -17.281317)"
266c83f7-d27e-472b-a7a6-03ed3645b980,Austropuccinia psidii,NZOR-6-102802,-33.849411,151.080063,2022-10-31T00:05:00Z,PRESENT,iNaturalist Australia,Australia,New South Wales,2022,"c(151.080063, -33.849411)"
2e6bace8-38f9-472a-ab2d-44b652e5e0f2,Austropuccinia psidii,NZOR-6-102802,-27.432833,152.872048,2022-10-14T10:05:00Z,PRESENT,iNaturalist Australia,Australia,Queensland,2022,"c(152.872048, -27.432833)"
33e61424-804b-422e-adee-d5e6fc13e5ed,Austropuccinia psidii,NZOR-6-102802,-33.897713,151.193405,2022-10-26T01:32:06Z,PRESENT,iNaturalist Australia,Australia,New South Wales,2022,"c(151.193405, -33.897713)"
376a5ac6-c891-4fa4-87c6-4d57d7df0270,Austropuccinia psidii,NZOR-6-102802,-30.266465,153.107782,2022-09-28T10:31:00Z,PRESENT,iNaturalist Australia,Australia,New South Wales,2022,"c(153.107782, -30.266465)"
383177f8-82f6-4e03-89b6-953ccbd80c64,Austropuccinia psidii,NZOR-6-102802,-27.550307,152.987138,2022-11-13T00:24:00Z,PRESENT,iNaturalist Australia,Australia,Queensland,2022,"c(152.987138, -27.550307)"
3c6c2661-f001-466f-bd1d-70c0d82f06be,Austropuccinia psidii,NZOR-6-102802,-28.132735,153.229373,2022-11-26T22:59:00Z,PRESENT,iNaturalist Australia,Australia,Queensland,2022,"c(153.229373, -28.132735)"
3dee7f1f-e1fe-40e5-b75e-c5590e246e4b,Austropuccinia psidii,NZOR-6-102802,-30.164107,153.188595,2022-10-31T03:27:00Z,PRESENT,iNaturalist Australia,Australia,New South Wales,2022,"c(153.188595, -30.164107)"
3efda574-09da-4bed-b009-759015381b02,Austropuccinia psidii,NZOR-6-102802,-33.8896,151.18512,2022-10-25T04:19:34Z,PRESENT,iNaturalist Australia,Australia,New South Wales,2022,"c(151.18512, -33.8896)"
489f226f-b452-46df-9dd9-c95efa37beb9,Austropuccinia psidii,NZOR-6-102802,-27.659304,153.162549,2022-11-15T03:10:25Z,PRESENT,iNaturalist Australia,Australia,Queensland,2022,"c(153.162549, -27.659304)"
4dc9b86d-f3ed-422c-9f47-2f711eb501ef,Austropuccinia psidii,NZOR-6-102802,-27.440313,152.942515,2022-07-29T01:14:36Z,PRESENT,iNaturalist Australia,Australia,Queensland,2022,"c(152.942515, -27.440313)"
4ddd6449-54ec-4f1d-9eb1-729df0d7a9d7,Austropuccinia psidii,NZOR-6-102802,-30.137026,153.186421,2022-10-31T01:10:00Z,PRESENT,iNaturalist Australia,Australia,New South Wales,2022,"c(153.186421, -30.137026)"
5065b0e2-cc6f-4791-8059-009dacc9b5f3,Austropuccinia psidii,NZOR-6-102802,-38.029167,145.308333,2022-09-09T04:11:00Z,PRESENT,iNaturalist Australia,Australia,Victoria,2022,"c(145.308333, -38.029167)"
5239ddb4-0976-4e81-b346-34a929530d3d,Austropuccinia psidii,NZOR-6-102802,-26.763894,153.01753,2022-09-21T17:45:00Z,PRESENT,iNaturalist Australia,Australia,Queensland,2022,"c(153.01753, -26.763894)"
57d271fd-75de-4b2d-857f-4cde9e477f4d,Austropuccinia psidii,NZOR-6-102802,-33.902728,151.195738,2022-10-06T23:02:50Z,PRESENT,iNaturalist Australia,Australia,New South Wales,2022,"c(151.195738, -33.902728)"
5af7b26c-d71c-4dd7-9253-30753914b714,Austropuccinia psidii,NZOR-6-102802,-33.907937,151.187012,2022-10-16T06:48:23Z,PRESENT,iNaturalist Australia,Australia,New South Wales,2022,"c(151.187012, -33.907937)"
5ccd4386-4caf-4619-9145-e2810bd9f952,Austropuccinia psidii,NZOR-6-102802,-37.708667,148.453033,2022-11-30T08:22:36Z,PRESENT,iNaturalist Australia,Australia,Victoria,2022,"c(148.453033, -37.708667)"
5ee8fda6-a7eb-406a-b377-4a8c38c8f57c,Austropuccinia psidii,NZOR-6-102802,-31.529056,152.742614,2022-05-08T05:32:00Z,PRESENT,iNaturalist Australia,Australia,New South Wales,2022,"c(152.742614, -31.529056)"
5fcd6b7b-9b97-4490-a1da-6a9de73d98e4,Austropuccinia psidii,NZOR-6-102802,-28.229103,153.135435,2022-12-17T22:09:00Z,PRESENT,iNaturalist Australia,Australia,Queensland,2022,"c(153.135435, -28.229103)"
655bd744-39b1-4768-87a0-8579afad5317,Austropuccinia psidii,NZOR-6-102802,-29.040826,167.954712,2022-10-11T21:44:48Z,PRESENT,iNaturalist Australia,Australia,NA,2022,"c(167.954712, -29.040826)"
667766f8-ff35-4463-a931-6b917facafff,Austropuccinia psidii,NZOR-6-102802,-27.550197,153.034211,2022-10-15T21:57:44Z,PRESENT,iNaturalist Australia,Australia,Queensland,2022,"c(153.034211, -27.550197)"
66a16a8e-f15a-4311-8028-bcf54211980d,Austropuccinia psidii,NZOR-6-102802,-27.360084,153.043358,2022-11-09T21:01:56Z,PRESENT,iNaturalist Australia,Australia,Queensland,2022,"c(153.043358, -27.360084)"
674dc941-4ccd-4416-bc99-4b6748db79d9,Austropuccinia psidii,NZOR-6-102802,-30.398005,152.771637,2022-12-17T00:17:00Z,PRESENT,iNaturalist Australia,Australia,New South Wales,2022,"c(152.771637, -30.398005)"
69457c08-2286-422f-b080-a3e8558e6320,Austropuccinia psidii,NZOR-6-102802,-16.83027,145.703247,2022-11-12T22:11:07Z,PRESENT,iNaturalist Australia,Australia,Queensland,2022,"c(145.703247, -16.83027)"
6ad945f9-7301-4b10-a6f3-556cb92b25c4,Austropuccinia psidii,NZOR-6-102802,-27.550325,152.987143,2022-11-13T00:24:00Z,PRESENT,iNaturalist Australia,Australia,Queensland,2022,"c(152.987143, -27.550325)"
6bb66e28-a3f9-46e6-b456-2b68933db57f,Austropuccinia psidii,NZOR-6-102802,-27.659304,153.162549,2022-11-15T03:10:25Z,PRESENT,iNaturalist Australia,Australia,Queensland,2022,"c(153.162549, -27.659304)"
6ca2900f-6bd7-4266-b511-98f5548e73a8,Austropuccinia psidii,NZOR-6-102802,-31.528921,152.742294,2022-05-08T05:31:00Z,PRESENT,iNaturalist Australia,Australia,New South Wales,2022,"c(152.742294, -31.528921)"
7019973e-4251-4c98-a961-de1a581ed311,Austropuccinia psidii,NZOR-6-102802,-33.891842,151.156128,2022-10-13T21:40:28Z,PRESENT,iNaturalist Australia,Australia,New South Wales,2022,"c(151.156128, -33.891842)"
703d57c1-1f5b-4133-841f-1e3f71274f41,Austropuccinia psidii,NZOR-6-102802,-21.075298,148.63872,2022-10-03T10:18:00Z,PRESENT,iNaturalist Australia,Australia,Queensland,2022,"c(148.63872, -21.075298)"
716ca9a3-ec22-4ec8-adf2-03229b78b1b7,Austropuccinia psidii,NZOR-6-102802,-33.90762,151.188737,2022-10-16T06:53:39Z,PRESENT,iNaturalist Australia,Australia,New South Wales,2022,"c(151.188737, -33.90762)"
74992510-d189-4012-885a-5b85fbb7c243,Austropuccinia psidii,NZOR-6-102802,-28.230827,153.136708,2022-12-17T22:23:00Z,PRESENT,iNaturalist Australia,Australia,Queensland,2022,"c(153.136708, -28.230827)"
7af30e8d-075e-4dda-b442-375d1972447a,Austropuccinia psidii,NZOR-6-102802,-33.89753,151.194337,2022-10-26T01:35:04Z,PRESENT,iNaturalist Australia,Australia,New South Wales,2022,"c(151.194337, -33.89753)"
7b05f67d-902f-4907-a1f7-1e36e646a8cc,Austropuccinia psidii,NZOR-6-102802,-33.910422,151.194047,2022-10-23T05:06:38Z,PRESENT,iNaturalist Australia,Australia,New South Wales,2022,"c(151.194047, -33.910422)"
7c91c993-2e33-4e9c-90de-28d95d8b38cc,Austropuccinia psidii,NZOR-6-102802,-27.961443,152.375747,2022-12-23T00:13:00Z,PRESENT,iNaturalist Australia,Australia,Queensland,2022,"c(152.375747, -27.961443)"
8a9de9a5-91c9-42a8-800a-9e9caf02991c,Austropuccinia psidii,NZOR-6-102802,-26.593855,152.727813,2022-12-30T00:50:05Z,PRESENT,iNaturalist Australia,Australia,Queensland,2022,"c(152.727813, -26.593855)"
8d779e28-004a-4253-8513-d68519757caa,Austropuccinia psidii,NZOR-6-102802,-30.221728,152.846938,2022-09-18T02:24:08Z,PRESENT,iNaturalist Australia,Australia,New South Wales,2022,"c(152.846938, -30.221728)"
8fc313f9-d975-49c5-aa0f-4df72a57d12e,Austropuccinia psidii,NZOR-6-102802,-28.132705,153.22996,2022-11-26T23:02:00Z,PRESENT,iNaturalist Australia,Australia,Queensland,2022,"c(153.22996, -28.132705)"
90258cdc-5384-4e45-be64-f4e6a9f2d5dc,Austropuccinia psidii,NZOR-6-102802,-27.978062,152.373542,2022-12-23T00:43:00Z,PRESENT,iNaturalist Australia,Australia,Queensland,2022,"c(152.373542, -27.978062)"
91edef7a-fdcb-43d5-a89e-d6073f299e8b,Austropuccinia psidii,NZOR-6-102802,-27.656993,153.157445,2022-11-14T04:27:20Z,PRESENT,iNaturalist Australia,Australia,Queensland,2022,"c(153.157445, -27.656993)"
9268e7a3-953d-4d90-b8dc-bd1247d67d6e,Austropuccinia psidii,NZOR-6-102802,-33.909538,151.225333,2022-11-10T06:06:00Z,PRESENT,iNaturalist Australia,Australia,New South Wales,2022,"c(151.225333, -33.909538)"
966445e0-ab7d-41a0-b2c6-ad428aa37ebf,Austropuccinia psidii,NZOR-6-102802,-27.551075,153.006487,2022-11-12T22:58:00Z,PRESENT,iNaturalist Australia,Australia,Queensland,2022,"c(153.006487, -27.551075)"
99e6fb67-6aba-49f4-a5b8-6f1a8b81c719,Austropuccinia psidii,NZOR-6-102802,-33.90945,151.187942,2022-10-16T05:52:25Z,PRESENT,iNaturalist Australia,Australia,New South Wales,2022,"c(151.187942, -33.90945)"
9a553b4d-75ea-4867-b0b1-34350e52757a,Austropuccinia psidii,NZOR-6-102802,-28.188395,153.426278,2022-06-11T02:54:00Z,PRESENT,iNaturalist Australia,Australia,Queensland,2022,"c(153.426278, -28.188395)"
9b296c07-6765-4006-8c18-a4a6621328df,Austropuccinia psidii,NZOR-6-102802,-33.908497,151.181825,2022-10-16T06:27:47Z,PRESENT,iNaturalist Australia,Australia,New South Wales,2022,"c(151.181825, -33.908497)"
9baf70ae-c965-4b55-ba2a-85bbce054f79,Austropuccinia psidii,NZOR-6-102802,-32.958912,151.726181,2022-11-11T04:51:00Z,PRESENT,iNaturalist Australia,Australia,New South Wales,2022,"c(151.726181, -32.958912)"
a0a58360-80fd-4790-b5ee-2b76c2253a96,Austropuccinia psidii,NZOR-6-102802,-28.247244,153.167612,2022-12-17T23:30:00Z,PRESENT,iNaturalist Australia,Australia,Queensland,2022,"c(153.167612, -28.247244)"
a4162914-8a31-4968-aa85-5fca0e8c0e3b,Austropuccinia psidii,NZOR-6-102802,-21.155757,148.741917,2022-07-30T10:11:00Z,PRESENT,iNaturalist Australia,Australia,Queensland,2022,"c(148.741917, -21.155757)"
a5c24ecc-5768-4fa6-b646-f56215b54930,Austropuccinia psidii,NZOR-6-102802,-30.361598,153.104288,2022-12-24T01:31:38Z,PRESENT,iNaturalist Australia,Australia,New South Wales,2022,"c(153.104288, -30.361598)"
a69a7387-b412-47eb-b3d3-1c36fa87c82b,Austropuccinia psidii,NZOR-6-102802,-28.230645,153.239553,2022-11-26T09:42:00Z,PRESENT,iNaturalist Australia,Australia,Queensland,2022,"c(153.239553, -28.230645)"
a81eb9c2-8263-4dba-8ae0-e96e47dec1a0,Austropuccinia psidii,NZOR-6-102802,-33.90743,151.189052,2022-08-01T07:02:47Z,PRESENT,iNaturalist Australia,Australia,New South Wales,2022,"c(151.189052, -33.90743)"
ac48480c-a35d-4ee3-be2a-6c4753f1e4ef,Austropuccinia psidii,NZOR-6-102802,-26.62205,152.863715,2022-02-19T01:00:00Z,PRESENT,iNaturalist Australia,Australia,Queensland,2022,"c(152.863715, -26.62205)"
af9a5f27-4faf-4d78-8847-63b171c73879,Austropuccinia psidii,NZOR-6-102802,-27.551041,153.006428,2022-11-12T22:57:00Z,PRESENT,iNaturalist Australia,Australia,Queensland,2022,"c(153.006428, -27.551041)"
b15ff1cb-1610-413b-b042-08c9aaef7a63,Austropuccinia psidii,NZOR-6-102802,-27.51543,153.084765,2022-04-02T06:28:00Z,PRESENT,iNaturalist Australia,Australia,Queensland,2022,"c(153.084765, -27.51543)"
b25d9d49-7936-4837-9420-a23834590b54,Austropuccinia psidii,NZOR-6-102802,-33.912027,151.185902,2022-09-02T00:33:23Z,PRESENT,iNaturalist Australia,Australia,New South Wales,2022,"c(151.185902, -33.912027)"
b4727675-d146-4836-ae64-f9bc559fb067,Austropuccinia psidii,NZOR-6-102802,-19.155991,146.851974,2022-10-20T04:26:08Z,PRESENT,iNaturalist Australia,Australia,Queensland,2022,"c(146.851974, -19.155991)"
b4890136-ac83-4f9b-b373-cfb9a92beab2,Austropuccinia psidii,NZOR-6-102802,-27.395115,152.851715,2022-12-04T21:53:00Z,PRESENT,iNaturalist Australia,Australia,Queensland,2022,"c(152.851715, -27.395115)"
b9d28972-112a-4d75-a2b3-5fb0b00e73e5,Austropuccinia psidii,NZOR-6-102802,-17.281365,145.626312,2022-10-05T10:50:00Z,PRESENT,iNaturalist Australia,Australia,Queensland,2022,"c(145.626312, -17.281365)"
bacfb5d4-847a-4a72-8c0f-393d9aa9199b,Austropuccinia psidii,NZOR-6-102802,-30.292379,153.124585,2022-06-16T00:24:37Z,PRESENT,iNaturalist Australia,Australia,New South Wales,2022,"c(153.124585, -30.292379)"
bbab7650-191e-4de8-8b69-37a47e9e4899,Austropuccinia psidii,NZOR-6-102802,-28.166005,153.217617,2022-11-25T07:58:00Z,PRESENT,iNaturalist Australia,Australia,Queensland,2022,"c(153.217617, -28.166005)"
be413b74-6ab5-4732-ab85-04770cb92a1b,Austropuccinia psidii,NZOR-6-102802,-28.216416,153.261817,2022-01-13T04:41:00Z,PRESENT,iNaturalist Australia,Australia,Queensland,2022,"c(153.261817, -28.216416)"
be44d946-b359-4d30-b89e-94f766781d77,Austropuccinia psidii,NZOR-6-102802,-33.902467,151.19417,2022-10-12T20:53:16Z,PRESENT,iNaturalist Australia,Australia,New South Wales,2022,"c(151.19417, -33.902467)"
c0cef9be-274d-438d-a716-f8ad87f981cf,Austropuccinia psidii,NZOR-6-102802,-30.117987,153.153676,2022-10-29T23:45:00Z,PRESENT,iNaturalist Australia,Australia,New South Wales,2022,"c(153.153676, -30.117987)"
c183d63d-f58a-4388-b50a-175358f5fb18,Austropuccinia psidii,NZOR-6-102802,-27.551022,153.006507,2022-11-12T22:49:00Z,PRESENT,iNaturalist Australia,Australia,Queensland,2022,"c(153.006507, -27.551022)"
c4276782-c5f7-4aa2-96ca-9b8cf69b6a66,Austropuccinia psidii,NZOR-6-102802,-27.57561,153.295583,2022-12-11T02:34:00Z,PRESENT,iNaturalist Australia,Australia,Queensland,2022,"c(153.295583, -27.57561)"
c4b0553c-913e-4f99-9d53-50d2f63c2419,Austropuccinia psidii,NZOR-6-102802,-37.729428,144.928895,2022-08-20T06:56:59Z,PRESENT,iNaturalist Australia,Australia,Victoria,2022,"c(144.928895, -37.729428)"
c4c4fec3-f86c-4d79-a50e-808856bbf43c,Austropuccinia psidii,NZOR-6-102802,-34.430712,150.815675,2022-01-11T01:08:42Z,PRESENT,iNaturalist Australia,Australia,New South Wales,2022,"c(150.815675, -34.430712)"
c59b58ad-d05b-4732-ad2f-1a709ffd2a0e,Austropuccinia psidii,NZOR-6-102802,-33.912383,151.184617,2022-10-06T20:45:09Z,PRESENT,iNaturalist Australia,Australia,New South Wales,2022,"c(151.184617, -33.912383)"
cb4a9433-85ff-463c-b86c-d0cd414a9fdf,Austropuccinia psidii,NZOR-6-102802,-28.229798,153.138152,2022-12-17T22:38:00Z,PRESENT,iNaturalist Australia,Australia,Queensland,2022,"c(153.138152, -28.229798)"
ccde142c-5c9d-407f-becd-c8f2ab1b424e,Austropuccinia psidii,NZOR-6-102802,-26.491653,153.040297,2022-09-17T06:12:52Z,PRESENT,iNaturalist Australia,Australia,Queensland,2022,"c(153.040297, -26.491653)"
d59c3722-ef6c-4b44-8d9b-07c532417d25,Austropuccinia psidii,NZOR-6-102802,-30.330816,153.045776,2022-04-17T00:44:00Z,PRESENT,iNaturalist Australia,Australia,New South Wales,2022,"c(153.045776, -30.330816)"
d6179961-2114-43c3-8e88-399fb147bab2,Austropuccinia psidii,NZOR-6-102802,-30.397898,152.771644,2022-12-17T00:14:00Z,PRESENT,iNaturalist Australia,Australia,New South Wales,2022,"c(152.771644, -30.397898)"
d6c1df34-7ad1-4039-9d2c-0c35c3f9c047,Austropuccinia psidii,NZOR-6-102802,-33.908572,151.182053,2022-10-16T06:28:40Z,PRESENT,iNaturalist Australia,Australia,New South Wales,2022,"c(151.182053, -33.908572)"
d7e3731d-ca29-44a3-8a13-b00ff18f60f4,Austropuccinia psidii,NZOR-6-102802,-21.163411,149.155992,2022-08-02T22:34:46Z,PRESENT,iNaturalist Australia,Australia,Queensland,2022,"c(149.155992, -21.163411)"
da89fcee-07fe-4f22-a6a3-9f4ee05d0e7c,Austropuccinia psidii,NZOR-6-102802,-38.564583,146.67685,2022-05-11T21:47:31Z,PRESENT,iNaturalist Australia,Australia,Victoria,2022,"c(146.67685, -38.564583)"
dbe62d9d-1dd6-4af4-9d84-acb9d4f64382,Austropuccinia psidii,NZOR-6-102802,-33.902337,151.195205,2022-09-30T22:38:18Z,PRESENT,iNaturalist Australia,Australia,New South Wales,2022,"c(151.195205, -33.902337)"
e2000bb6-b02f-48c2-9d89-47661c479ff9,Austropuccinia psidii,NZOR-6-102802,-33.5364,151.346787,2022-12-12T22:41:59Z,PRESENT,iNaturalist Australia,Australia,New South Wales,2022,"c(151.346787, -33.5364)"
e52d6d8b-4dcb-4bc4-b615-f1cc30778f67,Austropuccinia psidii,NZOR-6-102802,-30.221615,152.846877,2022-09-18T02:23:00Z,PRESENT,iNaturalist Australia,Australia,New South Wales,2022,"c(152.846877, -30.221615)"
e8c19125-c4ec-44ad-a3e5-aef5cc8fca21,Austropuccinia psidii,NZOR-6-102802,-33.907772,151.189287,2022-10-16T06:54:34Z,PRESENT,iNaturalist Australia,Australia,New South Wales,2022,"c(151.189287, -33.907772)"
ebdf4ea6-c153-4baa-842f-adc4fbe1c83d,Austropuccinia psidii,NZOR-6-102802,-27.424588,152.902872,2022-11-12T02:05:00Z,PRESENT,iNaturalist Australia,Australia,Queensland,2022,"c(152.902872, -27.424588)"
ed900841-a1dd-469d-82cb-dc3ce7174a7f,Austropuccinia psidii,NZOR-6-102802,-33.914253,151.1848,2022-10-16T06:05:15Z,PRESENT,iNaturalist Australia,Australia,New South Wales,2022,"c(151.1848, -33.914253)"
f1192706-a603-48ec-b372-f641518c52bf,Austropuccinia psidii,NZOR-6-102802,-33.907753,151.189637,2022-10-23T05:13:34Z,PRESENT,iNaturalist Australia,Australia,New South Wales,2022,"c(151.189637, -33.907753)"
f2444276-105d-41f1-a99d-5712586b1f92,Austropuccinia psidii,NZOR-6-102802,-33.899672,151.194183,2022-10-26T01:42:34Z,PRESENT,iNaturalist Australia,Australia,New South Wales,2022,"c(151.194183, -33.899672)"
fb19167f-f3a0-488e-b2e2-dcfdd097735d,Austropuccinia psidii,NZOR-6-102802,-33.90913,151.181855,2022-10-16T06:25:45Z,PRESENT,iNaturalist Australia,Australia,New South Wales,2022,"c(151.181855, -33.90913)"
0009c1e3-3b6b-4661-8905-bb829f402e26,Austropuccinia psidii,NZOR-6-102802,-30.57541,152.989855,2023-11-23T20:19:00Z,PRESENT,iNaturalist Australia,Australia,New South Wales,2023,"c(152.989855, -30.57541)"
047af923-4224-44b0-a556-765bea9b53d8,Austropuccinia psidii,NZOR-6-102802,-30.627076,152.98584,2023-11-26T01:05:00Z,PRESENT,iNaturalist Australia,Australia,New South Wales,2023,"c(152.98584, -30.627076)"
04ad9f41-f576-456f-af36-e374ba278ea5,Austropuccinia psidii,NZOR-6-102802,-26.871988,152.176455,2023-06-03T00:22:00Z,PRESENT,iNaturalist Australia,Australia,Queensland,2023,"c(152.176455, -26.871988)"
05a6db76-d548-49f8-9f4e-4968697b041a,Austropuccinia psidii,NZOR-6-102802,-26.622187,152.863845,2023-11-15T04:43:33Z,PRESENT,iNaturalist Australia,Australia,Queensland,2023,"c(152.863845, -26.622187)"
062815f6-5ccd-4e7b-965e-fe684aa33464,Austropuccinia psidii,NZOR-6-102802,-30.574308,152.988867,2023-05-28T03:46:00Z,PRESENT,iNaturalist Australia,Australia,New South Wales,2023,"c(152.988867, -30.574308)"
06a0bea5-15b0-4b38-8409-7544bc0b2a02,Austropuccinia psidii,NZOR-6-102802,-32.227986,151.784339,2023-03-08T23:58:00Z,PRESENT,iNaturalist Australia,Australia,New South Wales,2023,"c(151.784339, -32.227986)"
076c54c3-90f0-45e4-89e0-e00491da662b,Austropuccinia psidii,NZOR-6-102802,-27.823619,153.224333,2023-06-18T02:30:00Z,PRESENT,iNaturalist Australia,Australia,Queensland,2023,"c(153.224333, -27.823619)"
0a88f001-a9b5-447a-85f0-bf53669f2c7e,Austropuccinia psidii,NZOR-6-102802,-34.573003,150.8535,2023-12-18T05:47:06Z,PRESENT,iNaturalist Australia,Australia,New South Wales,2023,"c(150.8535, -34.573003)"
0c275e9f-f76c-4a51-b70e-f5833fe80ecd,Austropuccinia psidii,NZOR-6-102802,-16.805562,145.68242,2023-09-03T00:24:03Z,PRESENT,iNaturalist Australia,Australia,Queensland,2023,"c(145.68242, -16.805562)"
0c34a7d6-6951-4059-b7d6-d44e547f7dfc,Austropuccinia psidii,NZOR-6-102802,-30.574373,152.988143,2023-05-28T03:57:00Z,PRESENT,iNaturalist Australia,Australia,New South Wales,2023,"c(152.988143, -30.574373)"
0c8e9a75-1b08-4d19-9360-2455944fc4e2,Austropuccinia psidii,NZOR-6-102802,-33.880799,150.789353,2023-03-03T00:00:00Z,PRESENT,iNaturalist Australia,Australia,New South Wales,2023,"c(150.789353, -33.880799)"
0d021547-eb20-4429-a678-fa54779da356,Austropuccinia psidii,NZOR-6-102802,-28.214788,153.259451,2023-07-15T02:45:00Z,PRESENT,iNaturalist Australia,Australia,Queensland,2023,"c(153.259451, -28.214788)"
0fac2a94-3025-4e49-a72f-aa4fbc06e4f5,Austropuccinia psidii,NZOR-6-102802,-33.276813,151.328737,2023-12-22T22:08:13Z,PRESENT,iNaturalist Australia,Australia,New South Wales,2023,"c(151.328737, -33.276813)"
134333e2-cbbb-4171-81b2-5a6b28be4704,Austropuccinia psidii,NZOR-6-102802,-28.212631,153.260394,2023-03-11T22:43:00Z,PRESENT,iNaturalist Australia,Australia,Queensland,2023,"c(153.260394, -28.212631)"
1613fa0a-994f-4cfe-9195-679e5c8cfa23,Austropuccinia psidii,NZOR-6-102802,-30.411542,153.067167,2023-11-26T08:07:00Z,PRESENT,iNaturalist Australia,Australia,New South Wales,2023,"c(153.067167, -30.411542)"
18474cca-ce02-46df-9aaa-25052a27b6ce,Austropuccinia psidii,NZOR-6-102802,-34.423703,150.809587,2023-03-12T01:25:09Z,PRESENT,iNaturalist Australia,Australia,New South Wales,2023,"c(150.809587, -34.423703)"
1a48101e-57f6-4524-b72d-4527656a5a6b,Austropuccinia psidii,NZOR-6-102802,-28.279148,153.162709,2023-07-26T23:11:00Z,PRESENT,iNaturalist Australia,Australia,Queensland,2023,"c(153.162709, -28.279148)"
1c137e45-aecf-425f-a7a5-9ba5b1af025b,Austropuccinia psidii,NZOR-6-102802,-27.710224,153.232436,2023-04-22T00:02:18Z,PRESENT,iNaturalist Australia,Australia,Queensland,2023,"c(153.232436, -27.710224)"
1dd66a66-f163-4e6f-9470-c32a6673c01b,Austropuccinia psidii,NZOR-6-102802,-31.6372,152.689487,2023-05-14T23:59:59Z,PRESENT,iNaturalist Australia,Australia,New South Wales,2023,"c(152.689487, -31.6372)"
20b5f11e-ad76-4856-b135-5b18a7078e63,Austropuccinia psidii,NZOR-6-102802,-27.801128,153.210002,2023-08-26T22:44:00Z,PRESENT,iNaturalist Australia,Australia,Queensland,2023,"c(153.210002, -27.801128)"
20c47832-d7ae-4255-8859-85a8013b8065,Austropuccinia psidii,NZOR-6-102802,-28.277507,153.165807,2023-07-26T22:58:00Z,PRESENT,iNaturalist Australia,Australia,Queensland,2023,"c(153.165807, -28.277507)"
2177ac38-7b52-45c1-9353-f7480570b578,Austropuccinia psidii,NZOR-6-102802,-30.360274,153.10484,2023-02-20T02:52:00Z,PRESENT,iNaturalist Australia,Australia,New South Wales,2023,"c(153.10484, -30.360274)"
233c0c45-6997-476c-9dfb-2f05353e4a16,Austropuccinia psidii,NZOR-6-102802,-19.298155,146.776917,2023-07-17T04:52:07Z,PRESENT,iNaturalist Australia,Australia,Queensland,2023,"c(146.776917, -19.298155)"
257641e5-793e-4e59-8b27-9594d0abea88,Austropuccinia psidii,NZOR-6-102802,-30.574377,152.988996,2023-05-28T03:38:00Z,PRESENT,iNaturalist Australia,Australia,New South Wales,2023,"c(152.988996, -30.574377)"
2651be4f-098f-411a-954e-eae6d0f35001,Austropuccinia psidii,NZOR-6-102802,-28.247032,153.334604,2023-03-24T05:13:23Z,PRESENT,iNaturalist Australia,Australia,Queensland,2023,"c(153.334604, -28.247032)"
2bc75db6-e982-4306-bb61-59e6eeb9cfb4,Austropuccinia psidii,NZOR-6-102802,-28.166525,153.38039,2023-11-23T00:12:40Z,PRESENT,iNaturalist Australia,Australia,Queensland,2023,"c(153.38039, -28.166525)"
2ce7bbfc-3b0e-4d6a-9a90-4053bb674053,Austropuccinia psidii,NZOR-6-102802,-28.475133,153.507819,2023-09-14T03:46:34Z,PRESENT,iNaturalist Australia,Australia,New South Wales,2023,"c(153.507819, -28.475133)"
2ef0cbfb-87ce-4cd9-90a6-68b673aea11f,Austropuccinia psidii,NZOR-6-102802,-33.907938,151.189042,2023-05-13T00:27:56Z,PRESENT,iNaturalist Australia,Australia,New South Wales,2023,"c(151.189042, -33.907938)"
310bd802-cf5a-4e8b-9855-edcc03c51eb0,Austropuccinia psidii,NZOR-6-102802,-28.494242,153.534958,2023-11-08T22:41:00Z,PRESENT,iNaturalist Australia,Australia,New South Wales,2023,"c(153.534958, -28.494242)"
32107603-77d1-460b-8335-2e8422c73f24,Austropuccinia psidii,NZOR-6-102802,-30.307067,153.004556,2023-02-15T02:28:17Z,PRESENT,iNaturalist Australia,Australia,New South Wales,2023,"c(153.004556, -30.307067)"
340f9ae4-0dba-4bdc-8225-4dffd90bc40c,Austropuccinia psidii,NZOR-6-102802,-33.83622,151.074063,2023-05-09T01:27:16Z,PRESENT,iNaturalist Australia,Australia,New South Wales,2023,"c(151.074063, -33.83622)"
376d084f-4936-43a6-999a-97badfda26cf,Austropuccinia psidii,NZOR-6-102802,-28.351901,153.470477,2023-09-21T03:50:20Z,PRESENT,iNaturalist Australia,Australia,New South Wales,2023,"c(153.470477, -28.351901)"
37d557e1-c192-415e-aab2-8e68f1fe9cb5,Austropuccinia psidii,NZOR-6-102802,-28.199345,153.255312,2023-03-12T00:12:00Z,PRESENT,iNaturalist Australia,Australia,Queensland,2023,"c(153.255312, -28.199345)"
3ee37acc-efe0-4082-8ec7-2d9f201cc540,Austropuccinia psidii,NZOR-6-102802,-28.206663,153.189553,2023-02-18T22:48:00Z,PRESENT,iNaturalist Australia,Australia,Queensland,2023,"c(153.189553, -28.206663)"
40e5f292-a306-4093-8498-a7629402c256,Austropuccinia psidii,NZOR-6-102802,-33.79952,151.291062,2023-06-24T00:24:08Z,PRESENT,iNaturalist Australia,Australia,New South Wales,2023,"c(151.291062, -33.79952)"
41524968-8336-4bef-85f4-76c7f9330124,Austropuccinia psidii,NZOR-6-102802,-33.724741,150.943341,2023-10-20T01:11:36Z,PRESENT,iNaturalist Australia,Australia,New South Wales,2023,"c(150.943341, -33.724741)"
41b15058-fecf-4b9e-b9f7-0147388aa3c6,Austropuccinia psidii,NZOR-6-102802,-30.574289,152.988645,2023-05-28T03:49:00Z,PRESENT,iNaturalist Australia,Australia,New South Wales,2023,"c(152.988645, -30.574289)"
43871163-95a3-4fb4-b54b-0c5117ba30f3,Austropuccinia psidii,NZOR-6-102802,-28.513545,153.526159,2023-11-09T00:38:00Z,PRESENT,iNaturalist Australia,Australia,New South Wales,2023,"c(153.526159, -28.513545)"
43b897a2-ee4e-4156-949c-42e86bad5352,Austropuccinia psidii,NZOR-6-102802,-33.893637,151.198395,2023-02-22T07:21:48Z,PRESENT,iNaturalist Australia,Australia,New South Wales,2023,"c(151.198395, -33.893637)"
44b6f6bf-03bb-434d-a327-738f06801d30,Austropuccinia psidii,NZOR-6-102802,-26.7913,152.942368,2023-03-18T10:49:00Z,PRESENT,iNaturalist Australia,Australia,Queensland,2023,"c(152.942368, -26.7913)"
47bcc1b2-fc17-4ce6-bb0b-545d8563ef9d,Austropuccinia psidii,NZOR-6-102802,-26.650372,152.952453,2023-11-28T10:37:06Z,PRESENT,iNaturalist Australia,Australia,Queensland,2023,"c(152.952453, -26.650372)"
49133042-dccd-4899-aebc-670d948553e0,Austropuccinia psidii,NZOR-6-102802,-30.575149,152.987483,2023-07-30T04:37:00Z,PRESENT,iNaturalist Australia,Australia,New South Wales,2023,"c(152.987483, -30.575149)"
495bc521-ae62-4187-95bb-28b3fa5e8e90,Austropuccinia psidii,NZOR-6-102802,-33.277,151.328828,2023-12-19T06:33:26Z,PRESENT,iNaturalist Australia,Australia,New South Wales,2023,"c(151.328828, -33.277)"
4b442bbc-dc5b-47c4-8122-94b9d463ab4e,Austropuccinia psidii,NZOR-6-102802,-33.903888,151.18628,2023-01-28T03:12:57Z,PRESENT,iNaturalist Australia,Australia,New South Wales,2023,"c(151.18628, -33.903888)"
4eb67fad-0f04-4dd3-b95c-c0bb1757a6c3,Austropuccinia psidii,NZOR-6-102802,-30.207892,152.961368,2023-03-22T00:20:28Z,PRESENT,iNaturalist Australia,Australia,New South Wales,2023,"c(152.961368, -30.207892)"
4ee722b6-56b2-48e7-a580-a1ffd4e997d0,Austropuccinia psidii,NZOR-6-102802,-28.477987,153.511462,2023-11-09T04:14:16Z,PRESENT,iNaturalist Australia,Australia,New South Wales,2023,"c(153.511462, -28.477987)"
4f34303c-e6d2-4801-acd6-57830abcc612,Austropuccinia psidii,NZOR-6-102802,-29.032871,167.950526,2023-03-31T05:30:37Z,PRESENT,iNaturalist Australia,Australia,NA,2023,"c(167.950526, -29.032871)"
4f947f1d-c371-4742-b738-afdb5051c904,Austropuccinia psidii,NZOR-6-102802,-33.921604,151.152254,2023-06-05T00:38:32Z,PRESENT,iNaturalist Australia,Australia,New South Wales,2023,"c(151.152254, -33.921604)"
4f9c40e7-1e8b-421e-ab2f-a251393e1590,Austropuccinia psidii,NZOR-6-102802,-26.203188,152.911713,2023-06-25T01:05:50Z,PRESENT,iNaturalist Australia,Australia,Queensland,2023,"c(152.911713, -26.203188)"
51049468-02c3-4874-add1-95fd5ab97db4,Austropuccinia psidii,NZOR-6-102802,-27.460672,152.883686,2023-08-15T09:36:00Z,PRESENT,iNaturalist Australia,Australia,Queensland,2023,"c(152.883686, -27.460672)"
51e5282f-7d4b-4ba6-b536-ff034ce4f309,Austropuccinia psidii,NZOR-6-102802,-28.224769,153.272604,2023-10-17T23:23:32Z,PRESENT,iNaturalist Australia,Australia,Queensland,2023,"c(153.272604, -28.224769)"
52d185ea-d814-4f43-9036-c5ab0039c692,Austropuccinia psidii,NZOR-6-102802,-26.581445,152.905242,2023-07-05T23:03:04Z,PRESENT,iNaturalist Australia,Australia,Queensland,2023,"c(152.905242, -26.581445)"
55183235-db1c-4ee1-824a-704957314645,Austropuccinia psidii,NZOR-6-102802,-26.790178,152.93853,2023-02-04T10:56:00Z,PRESENT,iNaturalist Australia,Australia,Queensland,2023,"c(152.93853, -26.790178)"
5518f8ed-af09-4638-bfec-06f7dbee2f04,Austropuccinia psidii,NZOR-6-102802,-30.574123,152.988654,2023-05-28T03:53:00Z,PRESENT,iNaturalist Australia,Australia,New South Wales,2023,"c(152.988654, -30.574123)"
56047a73-1a82-46c2-befa-06080a81f60c,Austropuccinia psidii,NZOR-6-102802,-28.47774,153.511771,2023-11-09T03:34:00Z,PRESENT,iNaturalist Australia,Australia,New South Wales,2023,"c(153.511771, -28.47774)"
57094f09-1c32-4b35-af98-f83cb0d375d0,Austropuccinia psidii,NZOR-6-102802,-30.307945,153.002724,2023-03-05T07:59:24Z,PRESENT,iNaturalist Australia,Australia,New South Wales,2023,"c(153.002724, -30.307945)"
57bc8cb7-f5b9-4b8b-9e86-b6237d8ac7f1,Austropuccinia psidii,NZOR-6-102802,-34.037917,151.10316,2023-05-30T06:09:01Z,PRESENT,iNaturalist Australia,Australia,New South Wales,2023,"c(151.10316, -34.037917)"
589bbf5f-5047-4d79-85f8-c19333af4399,Austropuccinia psidii,NZOR-6-102802,-33.799728,151.292222,2023-05-10T05:19:10Z,PRESENT,iNaturalist Australia,Australia,New South Wales,2023,"c(151.292222, -33.799728)"
5972cb0e-7b6b-4971-97b0-77de08703503,Austropuccinia psidii,NZOR-6-102802,-27.100315,152.692648,2023-01-04T00:02:00Z,PRESENT,iNaturalist Australia,Australia,Queensland,2023,"c(152.692648, -27.100315)"
599b8bc8-8dd8-4d88-a12c-0ce989ffd5c5,Austropuccinia psidii,NZOR-6-102802,-28.475911,153.508389,2023-09-14T04:02:22Z,PRESENT,iNaturalist Australia,Australia,New South Wales,2023,"c(153.508389, -28.475911)"
5a42449a-45e4-49bf-8dec-f3491394482b,Austropuccinia psidii,NZOR-6-102802,-33.27692,151.328567,2023-12-06T20:41:23Z,PRESENT,iNaturalist Australia,Australia,New South Wales,2023,"c(151.328567, -33.27692)"
5d805678-abc8-474a-83cd-07278e95dc88,Austropuccinia psidii,NZOR-6-102802,-33.799612,151.291122,2023-05-10T05:11:19Z,PRESENT,iNaturalist Australia,Australia,New South Wales,2023,"c(151.291122, -33.799612)"
5d9c2d72-3f3d-4651-bc10-d1eca27f5e5f,Austropuccinia psidii,NZOR-6-102802,-19.508022,147.053145,2023-04-19T02:15:00Z,PRESENT,iNaturalist Australia,Australia,Queensland,2023,"c(147.053145, -19.508022)"
5f994683-8c19-4d26-b661-9b887bbe03b9,Austropuccinia psidii,NZOR-6-102802,-28.186801,153.421591,2023-11-05T23:58:00Z,PRESENT,iNaturalist Australia,Australia,Queensland,2023,"c(153.421591, -28.186801)"
6268ac87-1614-4cb4-9ef7-c75dbe9ea497,Austropuccinia psidii,NZOR-6-102802,-26.604217,152.90912,2023-06-21T22:25:03Z,PRESENT,iNaturalist Australia,Australia,Queensland,2023,"c(152.90912, -26.604217)"
63f60ac4-131d-465f-8fc8-9daef306c16f,Austropuccinia psidii,NZOR-6-102802,-23.162169,150.787694,2023-09-09T22:07:00Z,PRESENT,iNaturalist Australia,Australia,Queensland,2023,"c(150.787694, -23.162169)"
6859bf37-b850-4345-b243-0d4db92927b5,Austropuccinia psidii,NZOR-6-102802,-33.276478,151.3293,2023-11-20T04:14:19Z,PRESENT,iNaturalist Australia,Australia,New South Wales,2023,"c(151.3293, -33.276478)"
69193658-76c1-49fe-92ce-7943382a8322,Austropuccinia psidii,NZOR-6-102802,-28.477896,153.511256,2023-11-09T03:14:00Z,PRESENT,iNaturalist Australia,Australia,New South Wales,2023,"c(153.511256, -28.477896)"
6c57e143-e595-4f03-9785-dd02b15e85a0,Austropuccinia psidii,NZOR-6-102802,-28.241022,153.265656,2023-11-20T00:50:00Z,PRESENT,iNaturalist Australia,Australia,Queensland,2023,"c(153.265656, -28.241022)"
6f36e21d-d8fb-4bf5-aacd-c7cac5d85588,Austropuccinia psidii,NZOR-6-102802,-19.513893,147.054304,2023-04-18T20:10:00Z,PRESENT,NatureMapr,Australia,Queensland,2023,"c(147.054304, -19.513893)"
6fd242fe-0eeb-4abb-a66d-004cf7b9b8e9,Austropuccinia psidii,NZOR-6-102802,-26.653687,152.879258,2023-06-22T22:48:01Z,PRESENT,iNaturalist Australia,Australia,Queensland,2023,"c(152.879258, -26.653687)"
71052933-edc9-4a90-b391-1f3f6a4b7aa6,Austropuccinia psidii,NZOR-6-102802,-27.710227,153.232383,2023-04-28T21:16:17Z,PRESENT,iNaturalist Australia,Australia,Queensland,2023,"c(153.232383, -27.710227)"
74f6370a-20a6-42a8-a28e-ffd2c943fe11,Austropuccinia psidii,NZOR-6-102802,-30.595597,153.01239,2023-11-25T05:06:00Z,PRESENT,iNaturalist Australia,Australia,New South Wales,2023,"c(153.01239, -30.595597)"
755ac085-a296-4f5c-9fe9-d8607a0b064e,Austropuccinia psidii,NZOR-6-102802,-28.248782,153.179233,2023-07-14T00:11:18Z,PRESENT,iNaturalist Australia,Australia,Queensland,2023,"c(153.179233, -28.248782)"
7732fe0d-733b-4be0-9ce6-f33cf9441fef,Austropuccinia psidii,NZOR-6-102802,-27.820612,152.823449,2023-08-12T01:11:00Z,PRESENT,iNaturalist Australia,Australia,Queensland,2023,"c(152.823449, -27.820612)"
780d212e-b43d-4f10-be81-b606a10febf6,Austropuccinia psidii,NZOR-6-102802,-28.242208,153.265677,2023-11-15T00:55:56Z,PRESENT,iNaturalist Australia,Australia,Queensland,2023,"c(153.265677, -28.242208)"
7845aba6-ff05-46e6-bd2e-25835f3931b9,Austropuccinia psidii,NZOR-6-102802,-33.35957,151.447845,2023-04-28T06:56:33Z,PRESENT,iNaturalist Australia,Australia,New South Wales,2023,"c(151.447845, -33.35957)"
7b6651eb-21fa-4c16-a704-a1de834e8b43,Austropuccinia psidii,NZOR-6-102802,-28.259865,153.320707,2023-02-19T04:37:32Z,PRESENT,iNaturalist Australia,Australia,New South Wales,2023,"c(153.320707, -28.259865)"
82278871-a323-42e5-8a47-8e8253ed4af1,Austropuccinia psidii,NZOR-6-102802,-28.179942,153.458855,2023-12-29T00:10:36Z,PRESENT,iNaturalist Australia,Australia,New South Wales,2023,"c(153.458855, -28.179942)"
8306a130-5c13-40bd-b627-6f743b34e3a0,Austropuccinia psidii,NZOR-6-102802,-33.893667,151.198167,2023-02-22T07:22:37Z,PRESENT,iNaturalist Australia,Australia,New South Wales,2023,"c(151.198167, -33.893667)"
85742f25-e46d-4d5a-b214-3d233915772e,Austropuccinia psidii,NZOR-6-102802,-27.820633,152.823348,2023-08-12T01:11:00Z,PRESENT,iNaturalist Australia,Australia,Queensland,2023,"c(152.823348, -27.820633)"
880bd5b0-07ab-42ff-8fb3-2f3a3df300cf,Austropuccinia psidii,NZOR-6-102802,-30.574371,152.988972,2023-05-28T03:43:00Z,PRESENT,iNaturalist Australia,Australia,New South Wales,2023,"c(152.988972, -30.574371)"
883d0011-37bc-4542-a08c-f8c67a67c306,Austropuccinia psidii,NZOR-6-102802,-37.781547,145.61287,2023-01-13T02:03:08Z,PRESENT,iNaturalist Australia,Australia,Victoria,2023,"c(145.61287, -37.781547)"
89de68a7-1680-4b1f-a9a3-e82a3378382f,Austropuccinia psidii,NZOR-6-102802,-27.900036,153.232411,2023-04-05T05:03:07Z,PRESENT,iNaturalist Australia,Australia,Queensland,2023,"c(153.232411, -27.900036)"
8d2fe0fa-d6b5-4e75-bbd9-4d883fedee09,Austropuccinia psidii,NZOR-6-102802,-30.313217,152.998283,2023-02-15T02:24:42Z,PRESENT,iNaturalist Australia,Australia,New South Wales,2023,"c(152.998283, -30.313217)"
8f565346-3eb4-4412-a67d-693564fb0de8,Austropuccinia psidii,NZOR-6-102802,-33.898433,151.195145,2023-05-01T00:30:21Z,PRESENT,iNaturalist Australia,Australia,New South Wales,2023,"c(151.195145, -33.898433)"
943c8093-ef4d-49fd-bfc6-a311ed05c6b8,Austropuccinia psidii,NZOR-6-102802,-33.667738,151.315017,2023-05-10T00:33:34Z,PRESENT,iNaturalist Australia,Australia,New South Wales,2023,"c(151.315017, -33.667738)"
95371ab8-0de1-42d5-8d88-b6b7c034b9bd,Austropuccinia psidii,NZOR-6-102802,-28.246772,153.334236,2023-03-24T05:07:56Z,PRESENT,iNaturalist Australia,Australia,Queensland,2023,"c(153.334236, -28.246772)"
97b6abc2-337f-464e-b17d-037cc8e1edc9,Austropuccinia psidii,NZOR-6-102802,-19.51402,147.055001,2023-10-20T04:58:00Z,PRESENT,iNaturalist Australia,Australia,Queensland,2023,"c(147.055001, -19.51402)"
9f03b5bb-8dea-4a63-b064-2d62f8852390,Austropuccinia psidii,NZOR-6-102802,-30.569793,152.983317,2023-07-22T00:00:00Z,PRESENT,iNaturalist Australia,Australia,New South Wales,2023,"c(152.983317, -30.569793)"
9f937d4a-46d9-4867-adcb-f01afb464aa7,Austropuccinia psidii,NZOR-6-102802,-30.574088,152.988424,2023-05-28T03:56:00Z,PRESENT,iNaturalist Australia,Australia,New South Wales,2023,"c(152.988424, -30.574088)"
a0b42891-8975-467c-a76d-d0c3c86c340f,Austropuccinia psidii,NZOR-6-102802,-26.600812,152.898863,2023-11-01T23:45:57Z,PRESENT,iNaturalist Australia,Australia,Queensland,2023,"c(152.898863, -26.600812)"
a0e6bf8f-1732-4d1d-b56f-2256904f8bca,Austropuccinia psidii,NZOR-6-102802,-31.637379,152.689438,2023-05-14T23:58:00Z,PRESENT,iNaturalist Australia,Australia,New South Wales,2023,"c(152.689438, -31.637379)"
a46bf9f5-e7ed-42a8-8a50-c3688defacdb,Austropuccinia psidii,NZOR-6-102802,-19.513893,147.054304,2023-04-19T01:45:00Z,PRESENT,iNaturalist Australia,Australia,Queensland,2023,"c(147.054304, -19.513893)"
a49f4868-e573-457d-8d68-784e4d6262cf,Austropuccinia psidii,NZOR-6-102802,-27.820422,152.823264,2023-08-12T01:09:00Z,PRESENT,iNaturalist Australia,Australia,Queensland,2023,"c(152.823264, -27.820422)"
a4a4ca59-07c4-45af-b131-84633a09009d,Austropuccinia psidii,NZOR-6-102802,-16.8294,145.4977,2023-10-03T02:21:00Z,PRESENT,iNaturalist Australia,Australia,Queensland,2023,"c(145.4977, -16.8294)"
a4cb2cd1-22e6-4c38-845b-c6a147748976,Austropuccinia psidii,NZOR-6-102802,-35.249564,150.399099,2023-05-07T22:55:54Z,PRESENT,iNaturalist Australia,Australia,New South Wales,2023,"c(150.399099, -35.249564)"
af376837-bc9e-4cd9-ba16-645dc8f8438a,Austropuccinia psidii,NZOR-6-102802,-17.521402,145.912471,2023-08-15T01:38:00Z,PRESENT,iNaturalist Australia,Australia,Queensland,2023,"c(145.912471, -17.521402)"
b323ff0d-e660-4ea1-b137-d540c77bd864,Austropuccinia psidii,NZOR-6-102802,-30.411265,153.069895,2023-11-26T10:07:00Z,PRESENT,iNaturalist Australia,Australia,New South Wales,2023,"c(153.069895, -30.411265)"
b50ddcee-8d82-4a6a-a158-b84c2c6c6ebd,Austropuccinia psidii,NZOR-6-102802,-32.314214,151.801075,2023-03-23T22:13:00Z,PRESENT,iNaturalist Australia,Australia,New South Wales,2023,"c(151.801075, -32.314214)"
b592057e-36af-49fc-9163-c377b4ce6621,Austropuccinia psidii,NZOR-6-102802,-27.381219,152.785707,2023-06-30T09:36:00Z,PRESENT,iNaturalist Australia,Australia,Queensland,2023,"c(152.785707, -27.381219)"
b6785683-f86f-4c52-80e3-0f9ebd62b872,Austropuccinia psidii,NZOR-6-102802,-28.075263,153.32187,2023-12-29T03:52:37Z,PRESENT,iNaturalist Australia,Australia,Queensland,2023,"c(153.32187, -28.075263)"
b6f5a702-d461-4393-89d7-9bdf4693fe03,Austropuccinia psidii,NZOR-6-102802,-33.895292,151.151825,2023-04-08T03:11:29Z,PRESENT,iNaturalist Australia,Australia,New South Wales,2023,"c(151.151825, -33.895292)"
b7ec25b7-c9fa-41c2-8b10-8451608a168f,Austropuccinia psidii,NZOR-6-102802,-27.820692,152.823334,2023-08-12T01:11:00Z,PRESENT,iNaturalist Australia,Australia,Queensland,2023,"c(152.823334, -27.820692)"
ba52bfd6-6c1b-4f1c-8006-b1825744dd8b,Austropuccinia psidii,NZOR-6-102802,-26.581545,152.892242,2023-06-01T22:30:35Z,PRESENT,iNaturalist Australia,Australia,Queensland,2023,"c(152.892242, -26.581545)"
bcd9ab80-2ed2-412e-b473-7357f3a5d999,Austropuccinia psidii,NZOR-6-102802,-30.308082,153.002662,2023-03-05T07:56:30Z,PRESENT,iNaturalist Australia,Australia,New South Wales,2023,"c(153.002662, -30.308082)"
bdce9c5c-e957-4b77-904a-61fbde588b9e,Austropuccinia psidii,NZOR-6-102802,-17.019683,145.591035,2023-05-23T06:45:00Z,PRESENT,iNaturalist Australia,Australia,Queensland,2023,"c(145.591035, -17.019683)"
be5f5967-6519-4650-9c4c-b683b66cd0e3,Austropuccinia psidii,NZOR-6-102802,-28.060048,153.309094,2023-11-08T01:10:14Z,PRESENT,iNaturalist Australia,Australia,Queensland,2023,"c(153.309094, -28.060048)"
beff25f5-7540-411e-bfd7-3ba0f6b662bd,Austropuccinia psidii,NZOR-6-102802,-38.020814,145.306778,2023-03-29T23:50:19Z,PRESENT,iNaturalist Australia,Australia,Victoria,2023,"c(145.306778, -38.020814)"
c06c09b8-b3f5-4f11-ae66-cc7b4530c4f8,Austropuccinia psidii,NZOR-6-102802,-16.918162,145.398616,2023-08-02T03:50:30Z,PRESENT,iNaturalist Australia,Australia,Queensland,2023,"c(145.398616, -16.918162)"
c294ca78-0fe7-48cf-b3fc-de3ea74bbedb,Austropuccinia psidii,NZOR-6-102802,-27.554361,153.247172,2023-04-16T07:03:08Z,PRESENT,iNaturalist Australia,Australia,Queensland,2023,"c(153.247172, -27.554361)"
c3eb4739-015c-4c3b-95ad-d8ef19f09703,Austropuccinia psidii,NZOR-6-102802,-28.263847,153.224182,2023-12-07T23:07:00Z,PRESENT,iNaturalist Australia,Australia,New South Wales,2023,"c(153.224182, -28.263847)"
ca56fef5-1bc5-4543-9c4d-36c68f1b7d9a,Austropuccinia psidii,NZOR-6-102802,-19.150442,146.867905,2023-07-12T06:48:49Z,PRESENT,iNaturalist Australia,Australia,Queensland,2023,"c(146.867905, -19.150442)"
cc7bf09a-37c6-4f5b-9828-3622e0f5b631,Austropuccinia psidii,NZOR-6-102802,-25.789852,152.695618,2023-10-15T03:35:00Z,PRESENT,iNaturalist Australia,Australia,Queensland,2023,"c(152.695618, -25.789852)"
cf7baebe-3038-4fc4-b5c2-7769b3d6ddff,Austropuccinia psidii,NZOR-6-102802,-41.052632,145.904342,2023-01-07T23:31:00Z,PRESENT,iNaturalist Australia,Australia,Tasmania,2023,"c(145.904342, -41.052632)"
d15e20f8-2bd1-4c3c-a894-9ab172d18c13,Austropuccinia psidii,NZOR-6-102802,-28.215228,153.260481,2023-07-15T02:37:00Z,PRESENT,iNaturalist Australia,Australia,Queensland,2023,"c(153.260481, -28.215228)"
d1b9df9c-eddb-4b67-9eb0-f4f5c1335b27,Austropuccinia psidii,NZOR-6-102802,-33.27338,151.563417,2023-02-23T06:40:33Z,PRESENT,iNaturalist Australia,Australia,New South Wales,2023,"c(151.563417, -33.27338)"
d376e92c-1060-40d9-ae1e-0a9a3f4a0828,Austropuccinia psidii,NZOR-6-102802,-28.477978,153.511539,2023-11-09T04:33:35Z,PRESENT,iNaturalist Australia,Australia,New South Wales,2023,"c(153.511539, -28.477978)"
d3ed4e92-3f86-4506-b0ed-eb6720fddbe2,Austropuccinia psidii,NZOR-6-102802,-27.46534,152.930771,2023-12-10T10:12:00Z,PRESENT,iNaturalist Australia,Australia,Queensland,2023,"c(152.930771, -27.46534)"
d9d9498a-7501-4ddb-9b53-59c16b046278,Austropuccinia psidii,NZOR-6-102802,-16.817453,145.68661,2023-08-21T23:46:11Z,PRESENT,iNaturalist Australia,Australia,Queensland,2023,"c(145.68661, -16.817453)"
db26571c-b93a-4289-81f1-3643489837ab,Austropuccinia psidii,NZOR-6-102802,-33.837113,151.072766,2023-03-07T03:39:04Z,PRESENT,iNaturalist Australia,Australia,New South Wales,2023,"c(151.072766, -33.837113)"
dc6197e4-6ce2-4311-a436-d4e7771a1a16,Austropuccinia psidii,NZOR-6-102802,-27.508555,153.007767,2023-08-22T23:15:36Z,PRESENT,iNaturalist Australia,Australia,Queensland,2023,"c(153.007767, -27.508555)"
dda39968-6b67-4b5f-9c75-a215b39f35b3,Austropuccinia psidii,NZOR-6-102802,-27.354056,153.038328,2023-08-25T23:53:34Z,PRESENT,iNaturalist Australia,Australia,Queensland,2023,"c(153.038328, -27.354056)"
df6cf17a-4db9-4243-bf66-7eec25a144ef,Austropuccinia psidii,NZOR-6-102802,-26.477042,152.953324,2023-06-10T01:00:00Z,PRESENT,iNaturalist Australia,Australia,Queensland,2023,"c(152.953324, -26.477042)"
e12906cf-8ee5-44a6-af39-bf719657811a,Austropuccinia psidii,NZOR-6-102802,-16.081848,145.437711,2023-04-10T01:09:35Z,PRESENT,iNaturalist Australia,Australia,Queensland,2023,"c(145.437711, -16.081848)"
e30811f8-f1a0-40f0-ad69-34d05e083e10,Austropuccinia psidii,NZOR-6-102802,-28.296344,153.16098,2023-07-27T01:16:00Z,PRESENT,iNaturalist Australia,Australia,New South Wales,2023,"c(153.16098, -28.296344)"
e3892060-99af-4dd7-a790-3e47b53a6c11,Austropuccinia psidii,NZOR-6-102802,-31.637375,152.689499,2023-05-14T23:58:00Z,PRESENT,iNaturalist Australia,Australia,New South Wales,2023,"c(152.689499, -31.637375)"
e8063ef6-f058-43e7-9cab-e40c1ce6640b,Austropuccinia psidii,NZOR-6-102802,-19.514239,147.054902,2023-04-13T00:47:00Z,PRESENT,iNaturalist Australia,Australia,Queensland,2023,"c(147.054902, -19.514239)"
e82c0152-9aa2-40c5-bc62-0e09758d5488,Austropuccinia psidii,NZOR-6-102802,-28.251091,153.193483,2023-07-12T22:21:05Z,PRESENT,iNaturalist Australia,Australia,Queensland,2023,"c(153.193483, -28.251091)"
e89c4b7a-1ee8-4359-8dae-49322ab965e6,Austropuccinia psidii,NZOR-6-102802,-30.575282,152.987052,2023-05-28T04:06:00Z,PRESENT,iNaturalist Australia,Australia,New South Wales,2023,"c(152.987052, -30.575282)"
e9dd2098-8f60-4af3-af89-92c40272f499,Austropuccinia psidii,NZOR-6-102802,-27.659387,153.162405,2023-05-23T21:39:30Z,PRESENT,iNaturalist Australia,Australia,Queensland,2023,"c(153.162405, -27.659387)"
ed7eb3d4-9ddb-4c5b-94ad-3e9ffd6e82d0,Austropuccinia psidii,NZOR-6-102802,-42.87,147.32,2023-03-28T00:00:00Z,PRESENT,NSW DPI Biosecurity Collections,Australia,Tasmania,2023,"c(147.32, -42.87)"
ee9691e5-03a2-43f1-84da-3412fb9b172c,Austropuccinia psidii,NZOR-6-102802,-28.249947,153.200261,2023-07-12T02:12:00Z,PRESENT,iNaturalist Australia,Australia,Queensland,2023,"c(153.200261, -28.249947)"
eedfd235-01a2-433f-926d-c66ba0b8cbb3,Austropuccinia psidii,NZOR-6-102802,-26.922416,152.673353,2023-01-21T03:56:00Z,PRESENT,iNaturalist Australia,Australia,Queensland,2023,"c(152.673353, -26.922416)"
f0786db9-8b6e-4e18-851c-11c09f37135a,Austropuccinia psidii,NZOR-6-102802,-28.393527,153.057879,2023-11-30T06:32:27Z,PRESENT,iNaturalist Australia,Australia,New South Wales,2023,"c(153.057879, -28.393527)"
f1210ffe-e780-465b-818a-b0b086e55b97,Austropuccinia psidii,NZOR-6-102802,-27.804853,153.139603,2023-07-19T02:49:00Z,PRESENT,iNaturalist Australia,Australia,Queensland,2023,"c(153.139603, -27.804853)"
f193ba5c-7cb2-49b6-badb-f2bbbee09e79,Austropuccinia psidii,NZOR-6-102802,-28.232707,153.266809,2023-07-14T03:43:00Z,PRESENT,iNaturalist Australia,Australia,Queensland,2023,"c(153.266809, -28.232707)"
f22d6e48-68d5-4897-bef3-f4a9f907a872,Austropuccinia psidii,NZOR-6-102802,-34.417873,150.865923,2023-09-10T21:10:00Z,PRESENT,iNaturalist Australia,Australia,New South Wales,2023,"c(150.865923, -34.417873)"
f4142968-6462-47d9-98a1-2a113ca84372,Austropuccinia psidii,NZOR-6-102802,-28.261395,153.220306,2023-12-08T00:07:00Z,PRESENT,iNaturalist Australia,Australia,Queensland,2023,"c(153.220306, -28.261395)"
f64b1c53-f966-4328-ade1-a727b416ffa8,Austropuccinia psidii,NZOR-6-102802,-27.09373,152.702788,2023-05-06T22:43:52Z,PRESENT,iNaturalist Australia,Australia,Queensland,2023,"c(152.702788, -27.09373)"
f824fa4e-f1c4-4557-b5ab-83fd19f5a183,Austropuccinia psidii,NZOR-6-102802,-27.551008,153.030547,2023-04-13T05:53:43Z,PRESENT,iNaturalist Australia,Australia,Queensland,2023,"c(153.030547, -27.551008)"
f925f1ab-e236-4400-8617-54b765edf32d,Austropuccinia psidii,NZOR-6-102802,-28.233894,153.267315,2023-11-19T22:18:00Z,PRESENT,iNaturalist Australia,Australia,Queensland,2023,"c(153.267315, -28.233894)"
f9d0591a-e382-47f1-a0af-bef912090340,Austropuccinia psidii,NZOR-6-102802,-27.492195,152.939694,2023-10-07T02:25:50Z,PRESENT,iNaturalist Australia,Australia,Queensland,2023,"c(152.939694, -27.492195)"
fb9edd1e-3dea-4eb4-b0df-1ee6ed156ecd,Austropuccinia psidii,NZOR-6-102802,-27.658048,153.162854,2023-05-23T21:11:34Z,PRESENT,iNaturalist Australia,Australia,Queensland,2023,"c(153.162854, -27.658048)"
fc16256a-fe86-4ec1-871b-4e8b1963a1d6,Austropuccinia psidii,NZOR-6-102802,-30.073887,152.867926,2023-08-26T07:45:00Z,PRESENT,iNaturalist Australia,Australia,New South Wales,2023,"c(152.867926, -30.073887)"
fc6a36bd-c3a4-4e95-a991-f342e4ef25e3,Austropuccinia psidii,NZOR-6-102802,-33.907447,151.18962200000001,2023-01-19T04:00:32Z,PRESENT,iNaturalist Australia,Australia,New South Wales,2023,"c(151.189622, -33.907447)"
00b0e50f-8095-4e78-b13b-6ac5016d6a3d,Austropuccinia psidii,NZOR-6-102802,-33.907608,151.189592,2024-01-11T07:42:58Z,PRESENT,iNaturalist Australia,Australia,New South Wales,2024,"c(151.189592, -33.907608)"
01e9c1f2-549f-475b-8604-fe8357368ae9,Austropuccinia psidii,NZOR-6-102802,-27.538885,152.987968,2024-02-27T05:17:00Z,PRESENT,iNaturalist Australia,Australia,Queensland,2024,"c(152.987968, -27.538885)"
02615b1a-2ddd-4c18-a306-7b533661a07f,Austropuccinia psidii,NZOR-6-102802,-37.97612,145.091095,2024-02-13T00:44:08Z,PRESENT,iNaturalist Australia,Australia,Victoria,2024,"c(145.091095, -37.97612)"
0445958d-f42d-4709-804e-092015c5adbb,Austropuccinia psidii,NZOR-6-102802,-26.196833,152.709357,2024-01-03T01:37:21Z,PRESENT,iNaturalist Australia,Australia,Queensland,2024,"c(152.709357, -26.196833)"
06d656bd-0aaf-47dd-a62d-036f1ef8ea0e,Austropuccinia psidii,NZOR-6-102802,-27.539201,152.988323,2024-02-27T04:39:00Z,PRESENT,iNaturalist Australia,Australia,Queensland,2024,"c(152.988323, -27.539201)"
2e7dcbbc-9da7-44c7-9b8a-6bd73ac4835c,Austropuccinia psidii,NZOR-6-102802,-27.539335,152.988353,2024-02-27T05:03:00Z,PRESENT,iNaturalist Australia,Australia,Queensland,2024,"c(152.988353, -27.539335)"
33bc95ba-5c31-4829-8de3-8e986a484566,Austropuccinia psidii,NZOR-6-102802,-26.64475,152.892834,2024-02-12T01:29:26Z,PRESENT,iNaturalist Australia,Australia,Queensland,2024,"c(152.892834, -26.64475)"
3739771a-8d5a-4276-aa37-8ac8278a7121,Austropuccinia psidii,NZOR-6-102802,-27.550377,152.986938,2024-02-27T02:19:00Z,PRESENT,iNaturalist Australia,Australia,Queensland,2024,"c(152.986938, -27.550377)"
38965817-3b78-4c9b-b439-40a926a5fb53,Austropuccinia psidii,NZOR-6-102802,-27.550825,152.993225,2024-02-27T03:15:00Z,PRESENT,iNaturalist Australia,Australia,Queensland,2024,"c(152.993225, -27.550825)"
3aa9585b-ad54-4149-b503-9a9498c01eac,Austropuccinia psidii,NZOR-6-102802,-33.907528,151.189562,2024-01-11T07:42:07Z,PRESENT,iNaturalist Australia,Australia,New South Wales,2024,"c(151.189562, -33.907528)"
3aeeadb3-a152-48d6-bdd8-48acc5cb10c6,Austropuccinia psidii,NZOR-6-102802,-27.551026,152.992128,2024-02-27T02:33:00Z,PRESENT,iNaturalist Australia,Australia,Queensland,2024,"c(152.992128, -27.551026)"
4373cc7b-0847-4088-aa2d-e3a7d0fd9fec,Austropuccinia psidii,NZOR-6-102802,-26.198289,152.708708,2024-02-29T05:34:25Z,PRESENT,iNaturalist Australia,Australia,Queensland,2024,"c(152.708708, -26.198289)"
47d2abac-7f32-41f4-b382-91fb5887600d,Austropuccinia psidii,NZOR-6-102802,-27.543076,152.987991,2024-02-28T02:08:00Z,PRESENT,iNaturalist Australia,Australia,Queensland,2024,"c(152.987991, -27.543076)"
4936e644-25d9-4e7e-aa8c-f1719524c71a,Austropuccinia psidii,NZOR-6-102802,-26.759768,152.871033,2024-01-16T04:16:00Z,PRESENT,iNaturalist Australia,Australia,Queensland,2024,"c(152.871033, -26.759768)"
514ed65f-60cc-47e8-a645-87d1607e33f0,Austropuccinia psidii,NZOR-6-102802,-28.25798,153.10704,2024-02-29T06:03:00Z,PRESENT,iNaturalist Australia,Australia,Queensland,2024,"c(153.10704, -28.25798)"
5276dc00-b055-40f3-b414-1c6a962d0680,Austropuccinia psidii,NZOR-6-102802,-33.72511,151.129178,2024-03-02T23:55:49Z,PRESENT,iNaturalist Australia,Australia,New South Wales,2024,"c(151.129178, -33.72511)"
5b29fc98-ce02-4b96-8516-ee7180c01304,Austropuccinia psidii,NZOR-6-102802,-33.950854,151.05205,2024-01-26T07:42:55Z,PRESENT,iNaturalist Australia,Australia,New South Wales,2024,"c(151.05205, -33.950854)"
62e96632-aab6-423b-a715-545f8e0596bb,Austropuccinia psidii,NZOR-6-102802,-27.550737,152.993469,2024-02-27T03:00:00Z,PRESENT,iNaturalist Australia,Australia,Queensland,2024,"c(152.993469, -27.550737)"
68576a98-2e99-4146-8f71-efccb3dbebbc,Austropuccinia psidii,NZOR-6-102802,-33.732981,151.100262,2024-03-07T21:13:13Z,PRESENT,iNaturalist Australia,Australia,New South Wales,2024,"c(151.100262, -33.732981)"
6d06ece4-1731-432a-8cc9-a6a555a4e456,Austropuccinia psidii,NZOR-6-102802,-27.522187,152.965661,2024-02-28T03:05:00Z,PRESENT,iNaturalist Australia,Australia,Queensland,2024,"c(152.965661, -27.522187)"
7451b7f8-f715-481c-8990-07c87daccf9f,Austropuccinia psidii,NZOR-6-102802,-27.550781,152.993347,2024-02-27T03:09:00Z,PRESENT,iNaturalist Australia,Australia,Queensland,2024,"c(152.993347, -27.550781)"
7c534f78-ad01-4f99-87af-37e8b6e6b857,Austropuccinia psidii,NZOR-6-102802,-27.441376,152.890594,2024-01-08T11:03:00Z,PRESENT,iNaturalist Australia,Australia,Queensland,2024,"c(152.890594, -27.441376)"
846af571-40c9-465e-adc8-042e26bd7575,Austropuccinia psidii,NZOR-6-102802,-27.498083,153.015755,2024-02-20T06:00:00Z,PRESENT,iNaturalist Australia,Australia,Queensland,2024,"c(153.015755, -27.498083)"
8caa6ef0-5f78-4421-a970-f282ef02fe3c,Austropuccinia psidii,NZOR-6-102802,-27.49933,153.013076,2024-02-28T00:00:00Z,PRESENT,iNaturalist Australia,Australia,Queensland,2024,"c(153.013076, -27.49933)"
8cc6f997-8876-462a-b236-7a993948a7ae,Austropuccinia psidii,NZOR-6-102802,-27.539385,152.988364,2024-02-27T04:29:00Z,PRESENT,iNaturalist Australia,Australia,Queensland,2024,"c(152.988364, -27.539385)"
91caa53a-ddb0-4060-b300-786d6739c1bf,Austropuccinia psidii,NZOR-6-102802,-33.068131,151.349228,2024-02-25T02:43:00Z,PRESENT,iNaturalist Australia,Australia,New South Wales,2024,"c(151.349228, -33.068131)"
91e8f061-3fe9-46f8-8b8d-72fdbdab001f,Austropuccinia psidii,NZOR-6-102802,-37.791734,144.956386,2024-03-04T02:27:41Z,PRESENT,iNaturalist Australia,Australia,Victoria,2024,"c(144.956386, -37.791734)"
9274ebf9-7e88-4bad-b4fb-0ad0b91fae59,Austropuccinia psidii,NZOR-6-102802,-27.538876,152.98802,2024-02-27T05:24:00Z,PRESENT,iNaturalist Australia,Australia,Queensland,2024,"c(152.98802, -27.538876)"
95aafd34-f2d5-448d-91b2-50d5978d6f56,Austropuccinia psidii,NZOR-6-102802,-27.550984,152.992588,2024-02-27T03:25:00Z,PRESENT,iNaturalist Australia,Australia,Queensland,2024,"c(152.992588, -27.550984)"
9829fb18-a6c5-48bb-a5d7-f66579080416,Austropuccinia psidii,NZOR-6-102802,-27.550597,152.994165,2024-02-27T02:49:00Z,PRESENT,iNaturalist Australia,Australia,Queensland,2024,"c(152.994165, -27.550597)"
9d3ff4b4-f8ce-4c0a-972e-a062f23b7168,Austropuccinia psidii,NZOR-6-102802,-27.539266,152.988347,2024-02-27T04:56:00Z,PRESENT,iNaturalist Australia,Australia,Queensland,2024,"c(152.988347, -27.539266)"
b4216b12-71b6-4183-9e43-27c37e29e6ab,Austropuccinia psidii,NZOR-6-102802,-33.703739,150.712458,2024-03-05T00:53:16Z,PRESENT,iNaturalist Australia,Australia,New South Wales,2024,"c(150.712458, -33.703739)"
b631da59-2145-4be5-9aaf-6ebc851a0077,Austropuccinia psidii,NZOR-6-102802,-28.305444,152.856789,2024-01-15T05:13:11Z,PRESENT,iNaturalist Australia,Australia,Queensland,2024,"c(152.856789, -28.305444)"
b6b03936-0f8a-4daf-b751-435e3a598871,Austropuccinia psidii,NZOR-6-102802,-33.174442,151.3428,2024-01-13T02:11:15Z,PRESENT,iNaturalist Australia,Australia,New South Wales,2024,"c(151.3428, -33.174442)"
bbe168f4-36d0-4fae-8758-ddc991c6e7bc,Austropuccinia psidii,NZOR-6-102802,-28.259998,153.101624,2024-02-29T02:01:00Z,PRESENT,iNaturalist Australia,Australia,Queensland,2024,"c(153.101624, -28.259998)"
c2be0664-1f93-43d7-b671-e60efffcd838,Austropuccinia psidii,NZOR-6-102802,-27.538915,152.988009,2024-02-27T05:12:00Z,PRESENT,iNaturalist Australia,Australia,Queensland,2024,"c(152.988009, -27.538915)"
c48cda76-5e1d-4620-af3a-aee81df05786,Austropuccinia psidii,NZOR-6-102802,-27.53908,152.988009,2024-02-27T05:31:00Z,PRESENT,iNaturalist Australia,Australia,Queensland,2024,"c(152.988009, -27.53908)"
c6c101a5-8410-48f7-9e10-f367daa5f65a,Austropuccinia psidii,NZOR-6-102802,-26.197116,152.709216,2024-02-22T04:20:17Z,PRESENT,iNaturalist Australia,Australia,Queensland,2024,"c(152.709216, -26.197116)"
cdce598b-a687-4181-a083-37e2dbeba354,Austropuccinia psidii,NZOR-6-102802,-27.539581,152.988208,2024-02-27T04:34:00Z,PRESENT,iNaturalist Australia,Australia,Queensland,2024,"c(152.988208, -27.539581)"
edcd86a0-a273-490e-a68c-89bd0fd51dbb,Austropuccinia psidii,NZOR-6-102802,-26.647312,152.882417,2024-01-29T01:24:23Z,PRESENT,iNaturalist Australia,Australia,Queensland,2024,"c(152.882417, -26.647312)"
f1d17345-6f34-450c-a976-55625b18119d,Austropuccinia psidii,NZOR-6-102802,-32.828019,151.625642,2024-01-24T20:28:11Z,PRESENT,iNaturalist Australia,Australia,New South Wales,2024,"c(151.625642, -32.828019)"
f1ee2533-537b-4224-855f-22ae092d808c,Austropuccinia psidii,NZOR-6-102802,-29.427959,152.763068,2024-02-18T00:53:02Z,PRESENT,iNaturalist Australia,Australia,New South Wales,2024,"c(152.763068, -29.427959)"
f2657971-34ec-46d8-b91b-bec680d7bd2f,Austropuccinia psidii,NZOR-6-102802,-26.821507,152.963564,2024-02-11T04:39:00Z,PRESENT,iNaturalist Australia,Australia,Queensland,2024,"c(152.963564, -26.821507)"
