species_name,museum_name,location,state,country,n_records,sex,subspecies,notes,extra_notes
Trichoglossus haematodus,AM,,,New Guinea,1,,flavicans,30608,
Trichoglossus haematodus,AM,San Cristobal,,Solomon Islands,1,m,mascana x micropsteryx?,mascana/micropsteryx?,
Trichoglossus haematodus,AM,,,New Guinea,1,,forsteni,12993,
Trichoglossus haematodus,AM,,,,1,,mitchelli,0.35214,
Trichoglossus haematodus,ANWC,Bougainville,,Papua New Guinea,8,m,massena,,
Trichoglossus haematodus,ANWC,Bougainville,,Papua New Guinea,5,f,massena,,
Trichoglossus haematodus,ANWC,Lake Kutubu and Herzog Mountains,,Papua New Guinea,11,m,massena,SENG - southeast New Guinea? ,
Trichoglossus haematodus,ANWC,Lake Kutubu and Herzog Mountains,,Papua New Guinea,25,f,massena,SENG - southeast New Guinea? ,
Trichoglossus haematodus,ANWC,Bernhard Camp to Sepik and Wahgi Valley,,Papua New Guinea,11,m,intermedius,,
Trichoglossus haematodus,ANWC,Bernhard Camp to Sepik and Wahgi Valley,,Papua New Guinea,5,f,intermedius,,
Trichoglossus haematodus,,,Maluku Islands,Indonesia,51,m,,New Guinea and Moluccas,
Trichoglossus haematodus,,,Maluku Islands,Indonesia,35,f,,New Guinea and Moluccas,
Trichoglossus haematodus,QM,Roper River,Northern Territory,Australia,12,m,rubritorquis,Ngukurr?,
Trichoglossus haematodus,QM,Doomadgee,Queensland,Australia,1,f,rubritorquis,,
Trichoglossus haematodus,QM,Portland Road,Queensland,Australia,1,m,rubritorquis,subsp unclear,
Trichoglossus haematodus,QM,Wenlock,Queensland,Australia,1,m,rubritorquis,subsp unclear,
Trichoglossus haematodus,QM,Iron Range,Queensland,Australia,1,m,rubritorquis,subsp unclear,
Trichoglossus haematodus,QM,Browns Creek,Queensland,Australia,2,m,rubritorquis,subsp unclear- loc Browns Creek/Pascoe River,
Trichoglossus haematodus,QM,,Queensland,Australia,1,m,rubritorquis,subsp unclear- loc Peach/Poach River unclear,
Trichoglossus haematodus,QM,Yappar River,Queensland,Australia,1,m,rubritorquis,subsp unclear- loc Yappar River/Glenora,
Trichoglossus haematodus,QM,Prince of Wales Island,Queensland,Australia,1,f,rubritorquis,subsp unclear,
Trichoglossus haematodus,QM,Iron Range,Queensland,Australia,1,f,rubritorquis,subsp unclear,
Trichoglossus haematodus,QM,Browns Creek,Queensland,Australia,1,f,rubritorquis,subsp unclear- loc Browns Creek/Pascoe River,
Trichoglossus haematodus,QM,Cape York,Queensland,Australia,1,f,rubritorquis,subsp unclear,
Trichoglossus haematodus,QM,Endeavour Road- Cooktown,Queensland,Australia,2,m,,subsp unclear,
Trichoglossus haematodus,QM,South Cooktown- Mt Forest area - Ford,Queensland,Australia,1,m,,subsp unclear,
Trichoglossus haematodus,QM,Gap Creek 40 miles south of Cooktown,Queensland,Australia,1,m,,subsp unclear,
Trichoglossus haematodus,QM,Mossman,Queensland,Australia,1,m,,subsp unclear,
Trichoglossus haematodus,QM,Aitkenvale,Queensland,Australia,1,m,,subsp unclear,
Trichoglossus haematodus,QM,Percy Island,Queensland,Australia,1,m,,subsp unclear,
Trichoglossus haematodus,QM,North Nebo,Queensland,Australia,1,m,,subsp unclear,
Trichoglossus haematodus,QM,Jericho,Queensland,Australia,1,m,,subsp unclear- loc could be Tas,
Trichoglossus haematodus,QM,Shoalwater Bay,Queensland,Australia,2,m,,subsp unclear,
Trichoglossus haematodus,QM,Gladstone,,Australia,1,m,,subsp unclear- loc QLD or NSW,
Trichoglossus haematodus,QM,Maryborough,,Australia,2,m,,subsp unclear- loc QLD or VIC,
Trichoglossus haematodus,QM,Fraser Island,Queensland,Australia,2,m,,subsp unclear,
Trichoglossus haematodus,QM,Biggenden,Queensland,Australia,5,m,,subsp unclear,
Trichoglossus haematodus,QM,Jimboomba,Queensland,Australia,2,m,,subsp unclear- loc Jimbooba,
Trichoglossus haematodus,QM,Booloumba Creek,Queensland,Australia,1,m,,subsp unclear,
Trichoglossus haematodus,QM,Holland Park,Queensland,Australia,1,m,,subsp unclear,
Trichoglossus haematodus,QM,Brisbane,Queensland,Australia,5,m,,subsp unclear,
Trichoglossus haematodus,QM,Yeronga,Queensland,Australia,1,m,,subsp unclear,
Trichoglossus haematodus,QM,Veresdale,Queensland,Australia,1,m,,subsp unclear,
Trichoglossus haematodus,QM,Mossman,Queensland,Australia,1,f,,subsp unclear,
Trichoglossus haematodus,QM,Percy Island,Queensland,Australia,1,f,,subsp unclear,
Trichoglossus haematodus,QM,Townsville,Queensland,Australia,3,f,,subsp unclear,
Trichoglossus haematodus,QM,Jericho,Queensland,Australia,1,f,,subsp unclear- loc could be Tas,
Trichoglossus haematodus,QM,Blackwall,Queensland,Australia,1,f,,subsp unclear- loc could be Tas- NSW,
Trichoglossus haematodus,QM,Shoalwater Bay,Queensland,Australia,4,f,,subsp unclear,
Trichoglossus haematodus,QM,Rockhampton,Queensland,Australia,2,f,,subsp unclear,
Trichoglossus haematodus,QM,Gin Gin,Queensland,Australia,1,f,,subsp unclear,
Trichoglossus haematodus,QM,Biggenden,Queensland,Australia,1,f,,subsp unclear,
Trichoglossus haematodus,QM,Brisbane,Queensland,Australia,2,f,,subsp unclear,
Trichoglossus haematodus,QM,Greenbank,Queensland,Australia,1,f,,subsp unclear,
Trichoglossus haematodus,QM,Park Ridge,Queensland,Australia,1,f,,subsp unclear,
Trichoglossus haematodus,QM,Redcliffe,Queensland,Australia,1,f,,subsp unclear,
Trichoglossus haematodus,QM,Veresdale,Queensland,Australia,1,f,,subsp unclear,
Trichoglossus haematodus,QM,Coorparoo,Queensland,Australia,1,f,,subsp unclear,
Trichoglossus haematodus,QM,Cleveland,Queensland,Australia,2,f,,subsp unclear- loc could be Tas,
Trichoglossus haematodus,QM,Richmond,New South Wales,Australia,1,f,,subsp unclear,
Trichoglossus haematodus,QM,Brisbane,Queensland,Australia,3,m,,subsp unclear,
Trichoglossus haematodus,QM,Boondall,Queensland,Australia,1,m,,subsp unclear,
Trichoglossus haematodus,QM,Brisbane,Queensland,Australia,11,m,,subsp unclear- unmeasured,
Trichoglossus rosenbergii,NHM,,,,1,m,rosenbergii,loc illegible,
Trichoglossus rosenbergii,NHM,,,,1,m,rosenbergii,captive,
Trichoglossus rosenbergii,NHM,,,,1,,rosenbergii,loc illegible- Gulnisck/Guluis ck Bay,
Trichoglossus forsteni,NHM,,Lombok,Indonesia,2,m,,Lombok subsp,
Trichoglossus forsteni,NHM,,Lombok,Indonesia,2,f,,Lombok subsp,
Trichoglossus forsteni,NHM,,,,1,f,,subsp Djampea & Gumbaura- loc unclear,
Trichoglossus forsteni,NHM,,Tanahjampea,Indonesia,1,m,,Djampea & Gumbaura subsp,
Trichoglossus forsteni,NHM,,Tanahjampea,Indonesia,1,,,Djampea & Gumbaura subsp,
Trichoglossus haematodus,NHM,,Banda Islands,Indonesia,1,,nominate haematodus,,
Trichoglossus weberi,NHM,,Flores,Indonesia,2,m,weberi,South Flores,
Trichoglossus weberi,NHM,,Flores,Indonesia,2,,weberi,South Flores,
Trichoglossus capistratus,NHM,,Sumba,Indonesia,2,m,capistratus,capistratus group,
Trichoglossus capistratus,NHM,,Sumba,Indonesia,1,f,capistratus,capistratus group,
Trichoglossus capistratus,NHM,,Timor,Indonesia/East Timor,2,m,capistratus,"capistratus group- loc simply says ""Timor""",
Trichoglossus capistratus,NHM,,Timor,Indonesia/East Timor,3,f,capistratus,"capistratus group- loc simply says ""Timor""",
Trichoglossus capistratus,NHM,Kai Islands,,Indonesia,1,m,capistratus,"capistratus group- loc simply says ""Timor""",
Trichoglossus capistratus,NHM,Aru Islands,Maluku Islands,Indonesia,7,m,capistratus,"capistratus group- loc simply says ""Timor""",
Trichoglossus capistratus,NHM,Kai Islands,,Indonesia,1,f,capistratus,"capistratus group- loc simply says ""Timor""",
Trichoglossus capistratus,NHM,Aru Islands,Maluku Islands,Indonesia,5,f,capistratus,"capistratus group- loc simply says ""Timor""",
Trichoglossus capistratus,,Wetar,,Indonesia,14,m,capistratus,capistratus group- loc also Ranurg? Ranurq?,
Trichoglossus capistratus,,Wetar,,Indonesia,10,f,capistratus,capistratus group- loc also Ranurg? Ranurq?,
Trichoglossus capistratus,,,Timor,Indonesia/East Timor,13,m,capistratus,"capistratus group- loc simply says ""Timor""",
Trichoglossus capistratus,,,Timor,Indonesia/East Timor,14,f,capistratus,"capistratus group- loc simply says ""Timor""",
Trichoglossus capistratus,,Sumba,,Indonesia,10,m,capistratus,capistratus group,
Trichoglossus capistratus,,Sumba,,Indonesia,9,f,capistratus,capistratus group,
Trichoglossus haematodus,,New Hanover Island,Bismarck Archipelago,New Guinea,1,m,,unsure if flavicans or flavoviridis,
Trichoglossus haematodus,,Santa Cruz Island,,Vanuatu,1,m,massena,,
Trichoglossus haematodus,,,,Solomon Islands,1,m,massena,,
Trichoglossus haematodus,AMNH,Normanton,Queensland,Australia,1,m,moluccanus,,
Trichoglossus haematodus,AMNH,Somerset,Queensland,Australia,1,m,moluccanus,,
Trichoglossus haematodus,AMNH,Cape York,Queensland,Australia,3,m,moluccanus,,
Trichoglossus haematodus,AMNH,Utingu,Queensland,Australia,10,m,moluccanus,,
Trichoglossus haematodus,AMNH,Skull Creek,Queensland,Australia,1,m,moluccanus,,
Trichoglossus haematodus,AMNH,Lynd River / Pinnacle Creek,Queensland,Australia,1,m,moluccanus,,
Trichoglossus haematodus,AMNH,Cooktown,Queensland,Australia,2,m,moluccanus,,
Trichoglossus haematodus,AMNH,Almaden,Queensland,Australia,1,m,moluccanus,,
Trichoglossus haematodus,AMNH,Cairns,Queensland,Australia,1,m,moluccanus,,
Trichoglossus haematodus,AMNH,Mount Sapphire,Queensland,Australia,3,m,moluccanus,,
Trichoglossus haematodus,AMNH,Atherton,Queensland,Australia,4,m,moluccanus,,
Trichoglossus haematodus,AMNH,Babinda Creek,Queensland,Australia,3,m,moluccanus,,
Trichoglossus haematodus,AMNH,Bellenden Ker,Queensland,Australia,3,m,moluccanus,,
Trichoglossus haematodus,AMNH,Coomooboolaroo,Queensland,Australia,2,m,moluccanus,homestead in Coomoo,
Trichoglossus haematodus,AMNH,Westwood,Queensland,Australia,1,m,moluccanus,,
Trichoglossus haematodus,AMNH,Carnavon,Western Australia,Australia,1,m,moluccanus,Carnavon River,
Trichoglossus haematodus,AMNH,Richmond River,New South Wales,Australia,4,m,moluccanus,,
Trichoglossus haematodus,AMNH,Wardell,New South Wales,Australia,1,m,moluccanus,,
Trichoglossus haematodus,AMNH,Sydney,New South Wales,Australia,4,m,moluccanus,nr. Sydney,
Trichoglossus haematodus,AMNH,Hawkesbury River,New South Wales,Australia,1,m,moluccanus,,
Trichoglossus haematodus,AMNH,Minto,New South Wales,Australia,4,m,moluccanus,,
Trichoglossus haematodus,AMNH,Blacktown,New South Wales,Australia,1,m,moluccanus,,
Trichoglossus haematodus,AMNH,Castlemaine,Victoria,Australia,1,m,moluccanus,,
Trichoglossus haematodus,AMNH,Hamilton,Victoria,Australia,1,m,moluccanus,,
Trichoglossus haematodus,AMNH,,South Australia,Australia,1,m,moluccanus,loc unclear - Warrupa?,
Trichoglossus haematodus,AMNH,Blackwood,South Australia,Australia,1,m,moluccanus,,
Trichoglossus haematodus,AMNH,Kangaroo Island,South Australia,Australia,1,m,moluccanus,,
Trichoglossus haematodus,AMNH,Port Lincoln,South Australia,Australia,1,m,moluccanus,,
Trichoglossus haematodus,AMNH,Somerset,Queensland,Australia,1,f,moluccanus,,
Trichoglossus haematodus,AMNH,Cape York,Queensland,Australia,1,f,moluccanus,,
Trichoglossus haematodus,AMNH,Utingu,Queensland,Australia,4,f,moluccanus,,
Trichoglossus haematodus,AMNH,Skull Creek,Queensland,Australia,1,f,moluccanus,,
Trichoglossus haematodus,AMNH,Lynd River / Pinnacle Creek,Queensland,Australia,1,f,moluccanus,,
Trichoglossus haematodus,AMNH,Wrotham Park,Queensland,Australia,1,f,moluccanus,,
Trichoglossus haematodus,AMNH,Mount Surprise,Queensland,Australia,1,f,moluccanus,,
Trichoglossus haematodus,AMNH,Einasleigh,Queensland,Australia,2,f,moluccanus,,
Trichoglossus haematodus,AMNH,Cairns,Queensland,Australia,3,f,moluccanus,,
Trichoglossus haematodus,AMNH,Mount Sapphire,Queensland,Australia,1,f,moluccanus,,
Trichoglossus haematodus,AMNH,Atherton,Queensland,Australia,3,f,moluccanus,,
Trichoglossus haematodus,AMNH,Babinda Creek,Queensland,Australia,3,f,moluccanus,,
Trichoglossus haematodus,AMNH,Burra,Queensland,Australia,1,f,moluccanus,loc unclear,
Trichoglossus haematodus,AMNH,Charters Towers,Queensland,Australia,1,f,moluccanus,,
Trichoglossus haematodus,AMNH,Inkerman,South Australia,Australia,2,f,moluccanus,,
Trichoglossus haematodus,AMNH,Mackay,Queensland,Australia,4,,moluccanus,,
Trichoglossus haematodus,AMNH,Brisbane,Queensland,Australia,1,f,moluccanus,,
Trichoglossus haematodus,AMNH,Tweed River,New South Wales,Australia,1,f,moluccanus,,
Trichoglossus haematodus,AMNH,Wardell,New South Wales,Australia,1,f,moluccanus,,
Trichoglossus haematodus,AMNH,Richmond River,New South Wales,Australia,1,f,moluccanus,,
Trichoglossus haematodus,AMNH,Hawkesbury River,New South Wales,Australia,1,f,moluccanus,,
Trichoglossus haematodus,AMNH,Minto,New South Wales,Australia,3,f,moluccanus,,
Trichoglossus haematodus,AMNH,Blacktown,New South Wales,Australia,1,f,moluccanus,,
Trichoglossus haematodus,RMNH,Walter,,,5,m,capistratus,Loc unclear,
Trichoglossus haematodus,RMNH,,Timor,,5,m,capistratus,loc unclear,
Trichoglossus haematodus,RMNH,,Lombok,Indonesia,1,m,forsteni,,
Trichoglossus haematodus,RMNH,Bratan,Bali,Indonesia,2,m,forsteni,,
Trichoglossus haematodus,RMNH,Bratan,Bali,Indonesia,1,f,forsteni,,
Trichoglossus haematodus,RMNH,,Sumbawa,Indonesia,2,,forsteni,,
Trichoglossus haematodus,RMNH,,Tanahjampea,Indonesia,1,m,forsteni,,
Trichoglossus haematodus,RMNH,Biak,,Indonesia,2,f,rosenbergii,,
Trichoglossus haematodus,RMNH,Flores,,Indonesia,10,m,weberi,,
Trichoglossus haematodus,RMNH,Flores,,Indonesia,10,f,weberi,,
Trichoglossus haematodus,RMNH,Kloofbivak,,Indonesia,1,,intermedius,,
Trichoglossus haematodus,RMNH,,,,1,m,intermedius,loc unclear - Klupperkreek?,
Trichoglossus haematodus,RMNH,,,,1,m,intermedius,loc unclear - Deanfort River,
Trichoglossus haematodus,RMNH,,,,3,m,intermedius,loc unclear - Noord River,
Trichoglossus haematodus,RMNH,,,,3,f,intermedius,loc unclear - Noord River,
Trichoglossus haematodus,RMNH,Merauke,,Indonesia,3,m,intermedius,,
Trichoglossus haematodus,RMNH,Merauke,,Indonesia,1,f,intermedius,,
Trichoglossus haematodus,RMNH,Merauke,,Indonesia,1,,intermedius,,
Trichoglossus haematodus,RMNH,Koerik,,Indonesia,2,m,intermedius,,
Trichoglossus haematodus,RMNH,Koerik,,Indonesia,1,,intermedius,sex possibly f,
Trichoglossus haematodus,RMNH,Koerik,,Indonesia,2,f,intermedius,,
Trichoglossus haematodus,RMNH,,,,6,m,rosenbergii,loc unclear,
Trichoglossus haematodus,RMNH,,,,3,f,rosenbergii,loc unclear,
Trichoglossus haematodus,RMNH,Bima,Sumbawa,Indonesia,1,m,forsteni,,
Trichoglossus haematodus,RMNH,Bima,Sumbawa,Indonesia,1,f,forsteni,,
Trichoglossus haematodus,ANWC,Bernhard Camp,,New Guinea,1,m,,West Irian?,
Trichoglossus haematodus,ANWC,Maprik,,New Guinea,1,m,,,
Trichoglossus haematodus,ANWC,Ambunti,,New Guinea,1,m,,,
Trichoglossus haematodus,ANWC,Hunstein River Valley,,New Guinea,1,m,,,
Trichoglossus haematodus,ANWC,Uinba,,New Guinea,6,m,,,
Trichoglossus haematodus,ANWC,Nowata,,New Guinea,3,m,,,
Trichoglossus haematodus,ANWC,Port Moresby,,New Guinea,1,m,,,
Trichoglossus haematodus,ANWC,Barakau,,New Guinea,1,m,,,
Trichoglossus haematodus,ANWC,Putei,,New Guinea,1,m,,,
Trichoglossus haematodus,ANWC,Ravikivau,,New Guinea,1,m,,,
Trichoglossus haematodus,ANWC,Herzog,,New Guinea,3,m,,Herzogka - illegible word above - Waqay/Wagay,
Trichoglossus haematodus,ANWC,Mindik,,New Guinea,1,m,,illegible word in loc,
Trichoglossus haematodus,ANWC,Agevairu,,New Guinea,2,m,,loc includes POM,
Trichoglossus haematodus,ANWC,Ambunti,,New Guinea,2,f,,,
Trichoglossus haematodus,ANWC,Hunstein River Valley,,New Guinea,1,f,,,
Trichoglossus haematodus,ANWC,Uinba,,New Guinea,2,f,,,
Trichoglossus haematodus,ANWC,Lake Kutubu,,Papua New Guinea,1,f,,,
Trichoglossus haematodus,ANWC,Ihu,,New Guinea,1,f,,,
Trichoglossus haematodus,ANWC,Putei,,New Guinea,2,f,,,
Trichoglossus haematodus,ANWC,Agevairu,,New Guinea,2,f,,,
Trichoglossus haematodus,ANWC,Barakau,,New Guinea,1,f,,,
Trichoglossus haematodus,ANWC,Sogeri,,New Guinea,1,f,,,
Trichoglossus haematodus,ANWC,Rigo,,New Guinea,2,f,,,
Trichoglossus haematodus,ANWC,Brown River,,New Guinea,2,f,,,
Trichoglossus haematodus,ANWC,Nowata,,New Guinea,6,f,,,
Trichoglossus haematodus,ANWC,Herzog/Wagau,,New Guinea,5,f,,,
Trichoglossus haematodus,ANWC,Mindik,,New Guinea,2,f,,illegible word in loc,
Trichoglossus haematodus,ANWC,Bensbach/Morehead,,New Guinea,3,m,caeruliceps,,
Trichoglossus haematodus,ANWC,Bensbach/Morehead,,New Guinea,2,f,caeruliceps,,
Trichoglossus haematodus,AMNH,Lake Daviumbu,,Papua New Guinea,7,m,,1994 - subsp unclear,
Trichoglossus haematodus,AMNH,Wassi Kussa River,,New Guinea,6,m,,1994 - subsp unclear - loc Tarara,
Trichoglossus haematodus,AMNH,Oriomo River,,Papua New Guinea,5,m,,1994 - subsp unclear,Wuroi Oriomo River
Trichoglossus haematodus,AMNH,Gaima,,Papua New Guinea,1,m,,1994 - subsp unclear,
Trichoglossus haematodus,AMNH,Daru Island,,Papua New Guinea,4,m,,1994 - subsp unclear,
Trichoglossus haematodus,AMNH,Wassi Kussa River,,Papua New Guinea,2,f,,1994 - subsp unclear - loc Tarara,
Trichoglossus haematodus,AMNH,Gaima,,Papua New Guinea,1,f,,1994 - subsp unclear,
Trichoglossus haematodus,AMNH,Wassi Kussa River,,Papua New Guinea,6,f,,1994 - subsp unclear - loc Tarara,
Trichoglossus haematodus,AMNH,Oriomo River,,Papua New Guinea,3,f,,1994 - subsp unclear,Wuroi Oriomo River
Trichoglossus haematodus,AMNH,Daru Island,,Papua New Guinea,1,f,,1994 - subsp unclear,
Trichoglossus haematodus,AMNH,Lake Daviumbu,,Papua New Guinea,3,f,,,
Trichoglossus haematodus,AMNH,,,,5,m,weberi,no loc,
Trichoglossus haematodus,AMNH,,,,3,f,weberi,no loc,
Trichoglossus haematodus,AMNH,,Tanahjampea,Indonesia,4,m,forsteni,forsteni group has four races - mitchelli djampeanus forsteni (on Sumbawa) and stresemanni (linked to capistratus on Timor),Djampea
Trichoglossus haematodus,AMNH,,Sumbawa,Indonesia,5,m,forsteni,forsteni group has four races - mitchelli djampeanus forsteni (on Sumbawa) and stresemanni (linked to capistratus on Timor),
Trichoglossus haematodus,AMNH,Kaloa Toa,Sulawesi,Indonesia,2,m,forsteni,forsteni group has four races - mitchelli djampeanus forsteni (on Sumbawa) and stresemanni (linked to capistratus on Timor),Kaloa Toa
Trichoglossus haematodus,AMNH,,Tanahjampea,Indonesia,4,f,forsteni,forsteni group has four races - mitchelli djampeanus forsteni (on Sumbawa) and stresemanni (linked to capistratus on Timor),Djampea - one specimen is djampeanus
Trichoglossus haematodus,AMNH,,Sumbawa,Indonesia,1,f,forsteni,forsteni group has four races - mitchelli djampeanus forsteni (on Sumbawa) and stresemanni (linked to capistratus on Timor),
Trichoglossus haematodus,AMNH,Kaloa Toa,Sulawesi,Indonesia,2,f,forsteni,forsteni group has four races - mitchelli djampeanus forsteni (on Sumbawa) and stresemanni (linked to capistratus on Timor),Kaloa Toa
Trichoglossus haematodus,AMNH,,Bali,Indonesia,1,m,forsteni,forsteni group has four races - mitchelli djampeanus forsteni (on Sumbawa) and stresemanni (linked to capistratus on Timor),
Trichoglossus haematodus,AMNH,,Lombok,Indonesia,6,m,forsteni,forsteni group has four races - mitchelli djampeanus forsteni (on Sumbawa) and stresemanni (linked to capistratus on Timor),
Trichoglossus haematodus,AMNH,,Bali,Indonesia,2,f,forsteni,forsteni group has four races - mitchelli djampeanus forsteni (on Sumbawa) and stresemanni (linked to capistratus on Timor),
Trichoglossus haematodus,AMNH,,Lombok,Indonesia,8,f,forsteni,forsteni group has four races - mitchelli djampeanus forsteni (on Sumbawa) and stresemanni (linked to capistratus on Timor),
Trichoglossus haematodus,AMNH,Sumba,,Indonesia,8,m,capistratus,,
Trichoglossus haematodus,AMNH,Sumba,,Indonesia,8,f,capistratus,,
Trichoglossus haematodus,AMNH,Wetar,,Indonesia,5,m,capistratus,,
Trichoglossus haematodus,AMNH,,,,5,m,capistratus,Loc = Roma,
Trichoglossus haematodus,AMNH,Wetar,,Indonesia,4,f,capistratus,,
Trichoglossus haematodus,AMNH,,,,4,f,capistratus,Loc = Roma,
Trichoglossus haematodus,AMNH,,,,1,m,rubritorqus x capistratus,Loc = Roma,617455
Trichoglossus haematodus,AMNH,Sumba,,Indonesia,1,m,fortis,617081,
Trichoglossus haematodus,AMNH,,,,1,f,flavictectus,Loc = Romah,
Trichoglossus haematodus,AMNH,Timor,,,9,m,capistratus,,
Trichoglossus haematodus,AMNH,Timor,,,7,f,capistratus,,
Trichoglossus haematodus,ANWC,Timor,,,1,f,capistratus,,
Trichoglossus haematodus,AMNH,Aru Islands,Maluku Islands,Indonesia,10,m,haematodus,,
Trichoglossus haematodus,AMNH,Aru Islands,Maluku Islands,Indonesia,2,f,haematodus,,
Trichoglossus haematodus,AMNH,Kai Islands,,Indonesia,2,m,haematodus,,
Trichoglossus haematodus,AMNH,Kai Islands,,Indonesia,2,f,haematodus,,
Trichoglossus haematodus,AMNH,Daru Island,,Papua New Guinea,3,m,caeruliceps,,
Trichoglossus haematodus,AMNH,Oriomo River,,Papua New Guinea,1,m,caeruliceps,Oriome Wuroi,
Trichoglossus haematodus,AMNH,Gaima,,Papua New Guinea,1,m,caeruliceps,,
Trichoglossus haematodus,AMNH,Oriomo River,,Papua New Guinea,4,m,caeruliceps,Wuroi,
Trichoglossus haematodus,AMNH,Wassi Kussa River,,Papua New Guinea,6,m,caeruliceps,Wassi Kussa Tarara,
Trichoglossus haematodus,AMNH,Lake Daviumbu,,Papua New Guinea,8,m,caeruliceps,,
Trichoglossus haematodus,AMNH,Daru Island,,Papua New Guinea,1,f,caeruliceps,,
Trichoglossus haematodus,AMNH,Oriomo River,,Papua New Guinea,3,f,caeruliceps,Wuroi,
Trichoglossus haematodus,AMNH,Oriomo River,,Papua New Guinea,9,f,caeruliceps,Tarara,
Trichoglossus haematodus,AMNH,Lake Daviumbu,,Papua New Guinea,5,f,caeruliceps,,
Trichoglossus haematodus,AMNH,Seram Island,Maluku Islands,Indonesia,2,m,haematodus,aka Ceram,
Trichoglossus haematodus,AMNH,Buru Island,Maluku Islands,Indonesia,1,m,haematodus,,
Trichoglossus haematodus,AMNH,Teoor Island,Maluku Islands,Indonesia,1,m,haematodus,,
Trichoglossus haematodus,AMNH,Gorong Islands,Maluku Islands,Indonesia,2,m,haematodus,aka Goram,
Trichoglossus haematodus,AMNH,Kisoei,,Indonesia,1,m,haematodus,loc unfindable - presumed Indonesia,
Trichoglossus haematodus,AMNH,Misod,,,2,m,micropteryx,loc unclear,
Trichoglossus haematodus,AMNH,Waigeo,,Indonesia,1,m,micropteryx,,
Trichoglossus haematodus,AMNH,Batanta Island,,Indonesia,1,m,micropteryx,,
Trichoglossus haematodus,AMNH,Wandammen Peninsula,,New Guinea,1,m,micropteryx,,
Trichoglossus haematodus,AMNH,Berau,,Indonesia,1,m,micropteryx,Berau Pen,
Trichoglossus haematodus,AMNH,Ron,,,1,m,micropteryx,loc unclear,
Trichoglossus haematodus,AMNH,Bernhard Camp,,New Guinea,1,m,micropteryx,Bernhard Camp Indenburg River,
Trichoglossus haematodus,AMNH,Torricelli Mountains,,Papua New Guinea,2,m,micropteryx,,
Trichoglossus haematodus,AMNH,Kanganaman,,Papua New Guinea,1,m,micropteryx,,
Trichoglossus haematodus,AMNH,Wondgl,,,3,m,micropteryx,loc unclear,
Trichoglossus haematodus,AMNH,Adelbert Mountains,,Papua New Guinea,1,m,micropteryx,,
Trichoglossus haematodus,AMNH,Madang,,Papua New Guinea,2,m,micropteryx,,
Trichoglossus haematodus,AMNH,Vulcan Island,,Papua New Guinea,2,m,micropteryx,possibly Vulcan - pumice cone in PNG,
Trichoglossus haematodus,AMNH,Dampier Strait,,Papua New Guinea,1,m,micropteryx,written Dampier Island,
Trichoglossus haematodus,AMNH,Satelberg,,Papua New Guinea,1,m,micropteryx,,
Trichoglossus haematodus,AMNH,Bongu,,Papua New Guinea,1,m,micropteryx,,
Trichoglossus haematodus,AMNH,Finisterre Range,,Papua New Guinea,2,m,micropteryx,,
Trichoglossus haematodus,AMNH,Seram Island,Maluku Islands,Indonesia,1,f,haematodus,aka Ceram,
Trichoglossus haematodus,AMNH,Buru Island,Maluku Islands,Indonesia,2,f,haematodus,,
Trichoglossus haematodus,AMNH,Kisoei,,Indonesia,2,f,haematodus,loc unfindable - presumed Indonesia,
Trichoglossus haematodus,AMNH,Waigeo,,Indonesia,1,f,micropteryx,,
Trichoglossus haematodus,AMNH,Misod,,,2,f,micropteryx,loc unclear,
Trichoglossus haematodus,AMNH,Arfak Mountains,,Indonesia,1,f,micropteryx,Siwi Arfak,
Trichoglossus haematodus,AMNH,Monokwari,,Indonesia,1,f,micropteryx,,
Trichoglossus haematodus,AMNH,Bernhard Camp,,New Guinea,3,f,micropteryx,Bernhard Camp Indenburg River,
Trichoglossus haematodus,AMNH,Yapen,,Indonesia,1,f,micropteryx,,
Trichoglossus haematodus,AMNH,Torricelli Mountains,,Papua New Guinea,1,f,micropteryx,,
Trichoglossus haematodus,AMNH,Wondgl,,,1,f,micropteryx,,
Trichoglossus haematodus,AMNH,Vulcan Island,,Papua New Guinea,1,f,micropteryx,,
Trichoglossus haematodus,AMNH,Finisterre Range,,Papua New Guinea,3,f,micropteryx,,
Trichoglossus haematodus,AMNH,Satelberg,,Papua New Guinea,1,f,micropteryx,,
Trichoglossus haematodus,AMNH,Sinabang,,Indonesia,1,f,micropteryx,,
Trichoglossus haematodus,AMNH,Mambare River,,Papua New Guinea,2,f,micropteryx,,
Trichoglossus haematodus,AMNH,Hisiu,Central Province,Papua New Guinea,1,f,micropteryx,written Hisiu CP,
Trichoglossus haematodus,AMNH,Rouna,,Papua New Guinea,1,f,micropteryx,possibly Rouna Falls,
Trichoglossus haematodus,AMNH,Aikora River,,Papua New Guinea,2,f,micropteryx,written Aicora,
Trichoglossus haematodus,AMNH,Kumusi River,,Papua New Guinea,1,m,haematodus,,
Trichoglossus haematodus,AMNH,Hydrographers Range,,Papua New Guinea,2,m,haematodus,,
Trichoglossus haematodus,AMNH,Mambare River,,Papua New Guinea,1,m,haematodus,,
Trichoglossus haematodus,AMNH,Karimui,,Papua New Guinea,2,m,haematodus,,
Trichoglossus haematodus,AMNH,Aroa River,,Papua New Guinea,2,m,haematodus,,
Trichoglossus haematodus,AMNH,Hisiu,Central Province,Papua New Guinea,1,m,haematodus,,
Trichoglossus haematodus,AMNH,Mafulu,,Papua New Guinea,1,m,haematodus,,
Trichoglossus haematodus,AMNH,Vanamai,,Papua New Guinea,1,m,haematodus,written Vanumai,
Trichoglossus haematodus,AMNH,Rouna,,Papua New Guinea,2,m,haematodus,,
Trichoglossus haematodus,AMNH,Aikora River,,Papua New Guinea,1,m,haematodus,,
Trichoglossus haematodus,AMNH,Misima Island,,Papua New Guinea,1,m,haematodus,written and formerly known as St Aignan,
Trichoglossus haematodus,AMNH,Upper Setaki,,,1,m,micropteryx,loc unclear,
Trichoglossus haematodus,AMNH,Sudirman Range,,Indonesia,1,m,micropteryx,aka Snow Mountains,
Trichoglossus haematodus,AMNH,Black and Palmer River junction,Queensland,Australia,3,m,micropteryx,,
Trichoglossus haematodus,AMNH,Upper Setaki,,,1,f,micropteryx,loc unclear,617209
Trichoglossus haematodus,AMNH,Sudirman Range,,Indonesia,1,f,micropteryx,aka Snow Mountains,
Trichoglossus haematodus,AMNH,Black and Palmer River junction,Queensland,Australia,1,f,micropteryx,,
Trichoglossus haematodus,AMNH,Karimui,,Papua New Guinea,2,f,haematodus,,
Trichoglossus haematodus,AMNH,Kubuna/Kubena,,,1,f,haematodus,loc unclear,
Trichoglossus haematodus,AMNH,Misima Island,,Papua New Guinea,1,f,haematodus,written and formerly known as St Aignan,
Trichoglossus haematodus,AMNH,Biak Island,,Indonesia,3,m,rosenbergii,,
Trichoglossus haematodus,AMNH,Misori,,Indonesia,1,m,rosenbergii,loc unclear - accompanying notes says all rosenbergii specimens are from Biak,
Trichoglossus haematodus,AMNH,Misori,,Indonesia,1,f,rosenbergii,loc unclear - accompanying notes says all rosenbergii specimens are from Biak,
Trichoglossus haematodus,ANSP,,Lombok,Indonesia,1,f,forsteni,,
Trichoglossus haematodus,ANSP,,Sumbawa,Indonesia,2,,forsteni,,
Trichoglossus haematodus,ANSP,,Tanahjampea,Indonesia,1,f,forsteni,Djampea,
Trichoglossus haematodus,ANSP,Biak Island,,Indonesia,5,m,rosenbergii,,
Trichoglossus haematodus,ANSP,Biak Island,,Indonesia,1,f,rosenbergii,,
Trichoglossus haematodus,WAM,Broome,Queensland,Australia,1,m,moluccanus x rubritorquis,intergradient between sbsp,
Trichoglossus haematodus,WAM,Broome,Queensland,Australia,1,f,moluccanus x rubritorquis,intergradient between sbsp,
Trichoglossus haematodus,WAM,Broome,Queensland,Australia,1,,moluccanus x rubritorquis,intergradient between sbsp,
Trichoglossus haematodus,ANWC,Wangary,South Australia,Australia,2,m,moluccanus,,should this be Trichoglossus moluccanus? notes unclear
Trichoglossus haematodus,ANWC,Kangaroo Island,South Australia,Australia,3,m,moluccanus,,should this be Trichoglossus moluccanus? notes unclear
Trichoglossus haematodus,ANWC,Fleurieu Peninsula,South Australia,Australia,1,m,moluccanus,,should this be Trichoglossus moluccanus? notes unclear
Trichoglossus haematodus,ANWC,Urrbrae,South Australia,Australia,1,m,moluccanus,,should this be Trichoglossus moluccanus? notes unclear
Trichoglossus haematodus,ANWC,Grange,South Australia,Australia,1,m,moluccanus,,should this be Trichoglossus moluccanus? notes unclear
Trichoglossus haematodus,ANWC,Bool Lagoon,South Australia,Australia,7,m,moluccanus,,should this be Trichoglossus moluccanus? notes unclear
Trichoglossus haematodus,ANWC,Grampians,Victoria,Australia,1,m,moluccanus,Bairnsdale?,should this be Trichoglossus moluccanus? notes unclear
Trichoglossus haematodus,ANWC,Mt Taylor,Australian Capital Territory,Australia,2,m,moluccanus,Bairnsdale?,should this be Trichoglossus moluccanus? notes unclear
Trichoglossus haematodus,ANWC,Nadgee,New South Wales,Australia,1,m,moluccanus,,should this be Trichoglossus moluccanus? notes unclear
Trichoglossus haematodus,ANWC,Beecroft Peninsula,New South Wales,Australia,1,m,moluccanus,,should this be Trichoglossus moluccanus? notes unclear
Trichoglossus haematodus,ANWC,Dapto,New South Wales,Australia,1,m,moluccanus,,should this be Trichoglossus moluccanus? notes unclear
Trichoglossus haematodus,ANWC,Sydney,New South Wales,Australia,4,m,moluccanus,,should this be Trichoglossus moluccanus? notes unclear
Trichoglossus haematodus,ANWC,Balmain,New South Wales,Australia,1,m,moluccanus,,should this be Trichoglossus moluccanus? notes unclear
Trichoglossus haematodus,ANWC,Newcastle,New South Wales,Australia,1,m,moluccanus,,should this be Trichoglossus moluccanus? notes unclear
Trichoglossus haematodus,ANWC,Wangary,South Australia,Australia,2,f,moluccanus,,should this be Trichoglossus moluccanus? notes unclear
Trichoglossus haematodus,ANWC,Kangaroo Island,South Australia,Australia,3,f,moluccanus,,should this be Trichoglossus moluccanus? notes unclear
Trichoglossus haematodus,ANWC,Fleurieu Peninsula,South Australia,Australia,1,f,moluccanus,,should this be Trichoglossus moluccanus? notes unclear
Trichoglossus haematodus,ANWC,Urrbrae,South Australia,Australia,1,f,moluccanus,,should this be Trichoglossus moluccanus? notes unclear
Trichoglossus haematodus,ANWC,Grange,South Australia,Australia,1,,moluccanus,unsexed,should this be Trichoglossus moluccanus? notes unclear
Trichoglossus haematodus,ANWC,Bool Lagoon,South Australia,Australia,4,f,moluccanus,,should this be Trichoglossus moluccanus? notes unclear
Trichoglossus haematodus,ANWC,Bool Lagoon,South Australia,Australia,1,,moluccanus,unsexed possibly m,should this be Trichoglossus moluccanus? notes unclear
Trichoglossus haematodus,ANWC,Bairnsdale,Victoria,Australia,1,f,moluccanus,,should this be Trichoglossus moluccanus? notes unclear
Trichoglossus haematodus,ANWC,Nadgee,New South Wales,Australia,1,f,moluccanus,,should this be Trichoglossus moluccanus? notes unclear
Trichoglossus haematodus,ANWC,Nowra,New South Wales,Australia,1,f,moluccanus,,should this be Trichoglossus moluccanus? notes unclear
Trichoglossus haematodus,ANWC,Sydney,New South Wales,Australia,2,f,moluccanus,,should this be Trichoglossus moluccanus? notes unclear
Trichoglossus haematodus,ANWC,Bungwahl,New South Wales,Australia,1,f,moluccanus,,should this be Trichoglossus moluccanus? notes unclear
Trichoglossus haematodus,ANWC,Coutts Crossing,New South Wales,Australia,1,f,moluccanus,,should this be Trichoglossus moluccanus? notes unclear
Trichoglossus haematodus,ANWC,Bonoo Bonoo National Park,New South Wales,Australia,1,f,moluccanus,near Tenterfield,should this be Trichoglossus moluccanus? notes unclear
Trichoglossus haematodus,ANWC,Brunswick Heads,New South Wales,Australia,1,f,moluccanus,,should this be Trichoglossus moluccanus? notes unclear
Trichoglossus haematodus,ANWC,Walker Creek,Queensland,Australia,1,f,moluccanus,typical CYP sepentrionales - near Karumba and Normanton,should this be Trichoglossus moluccanus? notes unclear
Trichoglossus haematodus,ANWC,Inkerman Station,Queensland,Australia,3,f,moluccanus,,should this be Trichoglossus moluccanus? notes unclear
Trichoglossus haematodus,ANWC,48km E Croydon,South Australia,Australia,1,f,moluccanus,,should this be Trichoglossus moluccanus? notes unclear
Trichoglossus haematodus,ANWC,Bungwahl,New South Wales,Australia,2,m,moluccanus,,should this be Trichoglossus moluccanus? notes unclear
Trichoglossus haematodus,ANWC,Coffs Harbour,New South Wales,Australia,1,m,moluccanus,,should this be Trichoglossus moluccanus? notes unclear
Trichoglossus haematodus,ANWC,Coutts Crossing,New South Wales,Australia,1,m,moluccanus,,should this be Trichoglossus moluccanus? notes unclear
Trichoglossus haematodus,ANWC,Bonoo Bonoo National Park,New South Wales,Australia,1,m,moluccanus,imm. near Tenterfield,should this be Trichoglossus moluccanus? notes unclear
Trichoglossus haematodus,ANWC,Bonoo Bonoo National Park,New South Wales,Australia,1,m,moluccanus,near Tenterfield,should this be Trichoglossus moluccanus? notes unclear
Trichoglossus haematodus,ANWC,Lismore,New South Wales,Australia,1,m,moluccanus,,should this be Trichoglossus moluccanus? notes unclear
Trichoglossus haematodus,ANWC,Walker Creek,Queensland,Australia,1,m,moluccanus,near Karumba and Normanton,should this be Trichoglossus moluccanus? notes unclear
Trichoglossus haematodus,ANWC,Staaten River,Queensland,Australia,1,m,moluccanus,,should this be Trichoglossus moluccanus? notes unclear
Trichoglossus haematodus,ANWC,Inkerman Station,Queensland,Australia,2,m,moluccanus,,should this be Trichoglossus moluccanus? notes unclear
Trichoglossus haematodus,ANWC,Croydon,South Australia,Australia,1,m,moluccanus,E of Croydon but no distance given - specimen 37490,should this be Trichoglossus moluccanus? notes unclear
Trichoglossus haematodus,ANWC,Gilbert River Crossing,,Australia,2,m,moluccanus,SA or QLD,should this be Trichoglossus moluccanus? notes unclear
Trichoglossus haematodus,ANWC,Weipa ,Queensland,Australia,1,m,moluccanus,,should this be Trichoglossus moluccanus? notes unclear
Trichoglossus haematodus,ANWC,McIlwraith Range,Queensland,Australia,1,m,moluccanus,,should this be Trichoglossus moluccanus? notes unclear
Trichoglossus haematodus,ANWC,Silver Plains,Queensland,Australia,1,m,moluccanus,,should this be Trichoglossus moluccanus? notes unclear
Trichoglossus haematodus,ANWC,Bathurst Bay,Queensland,Australia,1,m,moluccanus,,should this be Trichoglossus moluccanus? notes unclear
Trichoglossus haematodus,ANWC,Morehead River Crossing,Queensland,Australia,2,m,moluccanus,,should this be Trichoglossus moluccanus? notes unclear
Trichoglossus haematodus,ANWC,8km NW Laura,Queensland,Australia,1,m,moluccanus,,should this be Trichoglossus moluccanus? notes unclear
Trichoglossus haematodus,ANWC,Cooktown,Queensland,Australia,2,m,moluccanus,,should this be Trichoglossus moluccanus? notes unclear
Trichoglossus haematodus,ANWC,Mount Carbine,Queensland,Australia,1,m,moluccanus,,should this be Trichoglossus moluccanus? notes unclear
Trichoglossus haematodus,ANWC,Julatten,Queensland,Australia,2,m,moluccanus,,should this be Trichoglossus moluccanus? notes unclear
Trichoglossus haematodus,ANWC,Chillagoe,Queensland,Australia,2,m,moluccanus,Chillagoe Walsh River,should this be Trichoglossus moluccanus? notes unclear
Trichoglossus haematodus,ANWC,Atherton,Queensland,Australia,2,m,moluccanus,,should this be Trichoglossus moluccanus? notes unclear
Trichoglossus haematodus,ANWC,Weipa ,Queensland,Australia,1,f,moluccanus,,should this be Trichoglossus moluccanus? notes unclear
Trichoglossus haematodus,ANWC,Wenlock River,Queensland,Australia,2,f,moluccanus,,should this be Trichoglossus moluccanus? notes unclear
Trichoglossus haematodus,ANWC,McIlwraith Range,Queensland,Australia,1,f,moluccanus,E of the range,should this be Trichoglossus moluccanus? notes unclear
Trichoglossus haematodus,ANWC,Musgrave Creek,Queensland,Australia,1,f,moluccanus,CYP possibly just Musgrave town in QLD,should this be Trichoglossus moluccanus? notes unclear
Trichoglossus haematodus,ANWC,Laura,Queensland,Australia,2,f,moluccanus,Hann River near Laura,should this be Trichoglossus moluccanus? notes unclear
Trichoglossus haematodus,ANWC,Laura,Queensland,Australia,2,f,moluccanus,,should this be Trichoglossus moluccanus? notes unclear
Trichoglossus haematodus,ANWC,Killarney Station,Queensland,Australia,1,f,moluccanus,CYP,should this be Trichoglossus moluccanus? notes unclear
Trichoglossus haematodus,ANWC,Kimba,Queensland,Australia,1,f,moluccanus,CYP,should this be Trichoglossus moluccanus? notes unclear
Trichoglossus haematodus,ANWC,Palmer River,Queensland,Australia,1,f,moluccanus,,should this be Trichoglossus moluccanus? notes unclear
Trichoglossus haematodus,ANWC,Cooktown,Queensland,Australia,1,f,moluccanus,,should this be Trichoglossus moluccanus? notes unclear
Trichoglossus haematodus,ANWC,Mossman,Queensland,Australia,1,,moluccanus,unsexed,should this be Trichoglossus moluccanus? notes unclear
Trichoglossus haematodus,ANWC,Julatten,Queensland,Australia,1,f,moluccanus,,should this be Trichoglossus moluccanus? notes unclear
Trichoglossus haematodus,ANWC,Port Douglas,Queensland,Australia,2,f,moluccanus,Cairns / Port Douglas,should this be Trichoglossus moluccanus? notes unclear
Trichoglossus haematodus,ANWC,Mount Carbine,Queensland,Australia,1,f,moluccanus,,should this be Trichoglossus moluccanus? notes unclear
Trichoglossus haematodus,ANWC,Atherton,Queensland,Australia,1,f,moluccanus,,should this be Trichoglossus moluccanus? notes unclear
Trichoglossus haematodus,ANWC,Chillagoe,Queensland,Australia,1,f,moluccanus,Chillagoe Walsh River,should this be Trichoglossus moluccanus? notes unclear
Trichoglossus haematodus,ANWC,Cathu,Queensland,Australia,2,f,moluccanus,,should this be Trichoglossus moluccanus? notes unclear
Trichoglossus haematodus,ANWC,Crediton,Queensland,Australia,1,f,moluccanus,Crediton Clarke Range,should this be Trichoglossus moluccanus? notes unclear
Trichoglossus haematodus,ANWC,Shoalwater Bay,Queensland,Australia,5,f,moluccanus,,should this be Trichoglossus moluccanus? notes unclear
Trichoglossus haematodus,ANWC,Tambo,Queensland,Australia,1,f,moluccanus,,should this be Trichoglossus moluccanus? notes unclear
Trichoglossus haematodus,ANWC,Blackdown Tableland,Queensland,Australia,1,f,moluccanus,,should this be Trichoglossus moluccanus? notes unclear
Trichoglossus haematodus,ANWC,Kaban,Queensland,Australia,2,m,moluccanus,,should this be Trichoglossus moluccanus? notes unclear
Trichoglossus haematodus,ANWC,Port Douglas,Queensland,Australia,1,m,moluccanus,,should this be Trichoglossus moluccanus? notes unclear
Trichoglossus haematodus,ANWC,Mount Garnet,Queensland,Australia,3,m,moluccanus,,should this be Trichoglossus moluccanus? notes unclear
Trichoglossus haematodus,ANWC,Townsville,Queensland,Australia,1,m,moluccanus,,should this be Trichoglossus moluccanus? notes unclear
Trichoglossus haematodus,ANWC,Cathu,Queensland,Australia,1,m,moluccanus,,should this be Trichoglossus moluccanus? notes unclear
Trichoglossus haematodus,ANWC,Shoalwater Bay,Queensland,Australia,5,m,moluccanus,,should this be Trichoglossus moluccanus? notes unclear
Trichoglossus haematodus,ANWC,Mount Pluto,Queensland,Australia,1,m,moluccanus,Mount Pluto Tambo,should this be Trichoglossus moluccanus? notes unclear
Trichoglossus haematodus,ANWC,Blackdown Tableland,Queensland,Australia,1,m,moluccanus,,should this be Trichoglossus moluccanus? notes unclear
Trichoglossus haematodus,ANWC,Kroombit Tops National Park,Queensland,Australia,1,m,moluccanus,,should this be Trichoglossus moluccanus? notes unclear
Trichoglossus haematodus,ANWC,Mount Perry,Queensland,Australia,1,m,moluccanus,,should this be Trichoglossus moluccanus? notes unclear
Trichoglossus haematodus,ANWC,Maryborough,Queensland,Australia,2,m,moluccanus,,should this be Trichoglossus moluccanus? notes unclear
Trichoglossus haematodus,ANWC,Cracow / Taroom,Queensland,Australia,3,m,moluccanus,42112,should this be Trichoglossus moluccanus? notes unclear
Trichoglossus haematodus,ANWC,Caloundra,Queensland,Australia,1,m,moluccanus,Caloundra Sunshine Coast,should this be Trichoglossus moluccanus? notes unclear
Trichoglossus haematodus,ANWC,Brisbane,Queensland,Australia,1,m,moluccanus,,should this be Trichoglossus moluccanus? notes unclear
Trichoglossus haematodus,ANWC,Kroombit Tops National Park,Queensland,Australia,4,f,moluccanus,,should this be Trichoglossus moluccanus? notes unclear
Trichoglossus haematodus,ANWC,Mount Perry,Queensland,Australia,1,f,moluccanus,,should this be Trichoglossus moluccanus? notes unclear
Trichoglossus haematodus,ANWC,Conondale Range,Queensland,Australia,3,f,moluccanus,,should this be Trichoglossus moluccanus? notes unclear
Trichoglossus moluccanus,ANWC,Kowanyama,Queensland,Australia,2,m,,,
Trichoglossus moluccanus,ANWC,Aurukun,Queensland,Australia,3,m,,,
Trichoglossus moluccanus,ANWC,60km N Weipa,Queensland,Australia,2,m,,,
Trichoglossus moluccanus,ANWC,Bamaga,Queensland,Australia,1,m,,Old bird - all scarlet breast - Bamaga Airport,
Trichoglossus moluccanus,ANWC,Kalpowar Station,Queensland,Australia,2,m,,in Cape York,
Trichoglossus moluccanus,ANWC,Between Morehead and Hann Rivers,Queensland,Australia,1,m,,,
Trichoglossus moluccanus,ANWC,150km ESE Georgetown,South Australia,Australia,1,m,,,
Trichoglossus moluccanus,ANWC,Mareeba,Queensland,Australia,1,m,,,
Trichoglossus moluccanus,ANWC,Cairns,Queensland,Australia,1,m,,,
Trichoglossus moluccanus,ANWC,Townsville,Queensland,Australia,1,m,,,
Trichoglossus moluccanus,ANWC,Beachmere,Queensland,Australia,1,m,,in Sunshine Coast,
Trichoglossus moluccanus,ANWC,150km ESE Georgetown,South Australia,Australia,1,f,,,
Trichoglossus moluccanus,ANWC,Kowanyama,Queensland,Australia,1,f,,,
Trichoglossus moluccanus,ANWC,Aurukun,Queensland,Australia,1,f,,,
Trichoglossus moluccanus,ANWC,Bamaga,Queensland,Australia,2,f,,Bamaga airport,
Trichoglossus moluccanus,ANWC,Kalpowar Station,Queensland,Australia,1,f,,,
Trichoglossus moluccanus,ANWC,180km NW Chillagoe,Queensland,Australia,1,f,,,
Trichoglossus moluccanus,ANWC,145km SW Mount Garnet,Queensland,Australia,1,f,,,
Trichoglossus moluccanus,ANWC,Atherton,Queensland,Australia,1,f,,,
Trichoglossus moluccanus,ANWC,Julatten,Queensland,Australia,1,f,,,
Trichoglossus moluccanus,ANWC,Between Cairns and Port Douglas,Queensland,Australia,1,f,,,
Trichoglossus moluccanus,ANWC,Taree,New South Wales,Australia,1,f,,,
Trichoglossus moluccanus,ANWC,Broulee,New South Wales,Australia,1,m,,,
Trichoglossus moluccanus,ANWC,Surf Beach,New South Wales,Australia,1,f,,,
Trichoglossus moluccanus,ANWC,Durham,Queensland,Australia,1,f,,Durham Beach,
Trichoglossus moluccanus,ANWC,Dalmeny,New South Wales,Australia,1,f,,,
Trichoglossus moluccanus,ANWC,Nowra,New South Wales,Australia,1,f,,,
Trichoglossus moluccanus,HL White,Moa Island,Queensland,Australia,1,m,,,
Trichoglossus moluccanus,HL White,Cape York,Queensland,Australia,2,m,,,
Trichoglossus moluccanus,HL White,Lockerbie,Queensland,Australia,1,m,,homestead,
Trichoglossus moluccanus,HL White,Cairns,Queensland,Australia,1,m,,,
Trichoglossus moluccanus,HL White,Ravenshoe,Queensland,Australia,1,m,,,
Trichoglossus moluccanus,HL White,Tenterfield,New South Wales,Australia,2,m,,,
Trichoglossus moluccanus,HL White,Lionsville,New South Wales,Australia,1,m,,Lionsvile Clarence River,
Trichoglossus moluccanus,HL White,Bellinger River,New South Wales,Australia,2,m,,,
Trichoglossus moluccanus,HL White,Lithgow,New South Wales,Australia,1,m,,,
Trichoglossus moluccanus,HL White,Kangaroo Island,South Australia,Australia,1,m,,,
Trichoglossus moluccanus,HL White,Coen,Queensland,Australia,1,f,,,
Trichoglossus moluccanus,HL White,Watson River,Queensland,Australia,1,f,,,
Trichoglossus moluccanus,HL White,Ravenshoe,Queensland,Australia,1,f,,,
Trichoglossus moluccanus,HL White,Cardwell,Queensland,Australia,2,f,,Cardwell Tableland,
Trichoglossus moluccanus,HL White,Tenterfield,New South Wales,Australia,1,f,,,
Trichoglossus moluccanus,MV,Claudiah ,Queensland,Australia,1,m,,,
Trichoglossus moluccanus,MV,Edward River,Queensland,Australia,1,m,,juvenile,
Trichoglossus moluccanus,MV,Edward River,Queensland,Australia,1,m,,adult,
Trichoglossus moluccanus,MV,Cairns / Atherton,Queensland,Australia,3,m,,,
Trichoglossus moluccanus,MV,Kalimna West,Victoria,Australia,1,m,,,
Trichoglossus moluccanus,MV,Nunawading,Victoria,Australia,1,m,,juvenile,
Trichoglossus moluccanus,MV,Carlton,Victoria,Australia,2,m,,,
Trichoglossus moluccanus,MV,Fitzroy,Victoria,Australia,1,m,,N Fitzroy Melbourne,
Trichoglossus moluccanus,MV,Preston,Victoria,Australia,1,m,,,
Trichoglossus moluccanus,MV,Monash University,Victoria,Australia,1,m,,,
Trichoglossus moluccanus,MV,Hawthorn,Victoria,Australia,1,m,,juvenile,
Trichoglossus moluccanus,MV,Clayton,Victoria,Australia,1,m,,,
Trichoglossus moluccanus,MV,Frankston,Victoria,Australia,4,m,,,
Trichoglossus moluccanus,MV,Tarwin,Victoria,Australia,1,m,,NOT Tarwin Lower,
Trichoglossus moluccanus,MV,Brunswick,Victoria,Australia,1,m,,,
Trichoglossus moluccanus,MV,Hamilton,Victoria,Australia,1,m,,Cairns area N QLD,
Trichoglossus moluccanus,MV,Cairns,Queensland,Australia,1,m,,,
Trichoglossus moluccanus,MV,Coleman River,Queensland,Australia,1,f,,,
Trichoglossus moluccanus,MV,Edward River,Queensland,Australia,2,f,,,
Trichoglossus moluccanus,MV,Cairns,Queensland,Australia,1,f,,Cairns area N QLD,
Trichoglossus moluccanus,MV,Emu Vale,Queensland,Australia,1,f,,,
Trichoglossus moluccanus,MV,Sandringham,Victoria,Australia,1,f,,,
Trichoglossus moluccanus,MV,Marden,South Australia,Australia,1,f,,,
Trichoglossus moluccanus,MV,Blackburn South,Victoria,Australia,1,f,,,
Trichoglossus moluccanus,SAMA and SA White,Stokes Hill Lookout,South Australia,Australia,2,m,,written Stokes Flinders Eyre Peninsula,
Trichoglossus moluccanus,SAMA and SA White,Kangaroo Island,South Australia,Australia,5,m,,,
Trichoglossus moluccanus,SAMA and SA White,Gawler,South Australia,Australia,1,m,,,
Trichoglossus moluccanus,SAMA and SA White,Woodville,South Australia,Australia,1,m,,,
Trichoglossus moluccanus,SAMA and SA White,Happy Valley,South Australia,Australia,1,m,,,
Trichoglossus moluccanus,SAMA and SA White,Blackwood,South Australia,Australia,1,m,,,
Trichoglossus moluccanus,SAMA and SA White,Strathalbyn,South Australia,Australia,1,m,,written Strathalby,
Trichoglossus moluccanus,SAMA and SA White,Inman Valley,South Australia,Australia,1,m,,,
Trichoglossus moluccanus,SAMA and SA White,Murray Bridge,South Australia,Australia,1,m,,,
Trichoglossus moluccanus,SAMA and SA White,Victor Harbour,South Australia,Australia,1,m,,,
Trichoglossus moluccanus,SAMA and SA White,Coleraine,Victoria,Australia,3,m,,,
Trichoglossus moluccanus,SAMA and SA White,,Victoria,Australia,1,m,,,
Trichoglossus moluccanus,SAMA and SA White,Mallacoota,Victoria,Australia,2,m,,,
Trichoglossus moluccanus,SAMA and SA White,Cairns,Queensland,Australia,1,m,,,
Trichoglossus moluccanus,SAMA and SA White,Watson River,Queensland,Australia,1,m,,,
Trichoglossus moluccanus,SAMA and SA White,Stewart River,Queensland,Australia,2,m,,,
Trichoglossus moluccanus,SAMA and SA White,Stokes Hill Lookout,South Australia,Australia,2,f,,written Stokes Flinders Eyre Peninsula,
Trichoglossus moluccanus,SAMA and SA White,Warunda,South Australia,Australia,1,f,,,
Trichoglossus moluccanus,SAMA and SA White,Flinders Chase National Park,South Australia,Australia,1,f,,,
Trichoglossus moluccanus,SAMA and SA White,Kangaroo Island,South Australia,Australia,1,f,,,
Trichoglossus moluccanus,SAMA and SA White,Adelaide,South Australia,Australia,1,f,,near Adelaide,
Trichoglossus moluccanus,SAMA and SA White,Teatree Gully,South Australia,Australia,1,f,,,
Trichoglossus moluccanus,SAMA and SA White,Coromandel Valley,South Australia,Australia,1,f,,,
Trichoglossus moluccanus,SAMA and SA White,Happy Valley,South Australia,Australia,2,f,,,
Trichoglossus moluccanus,SAMA and SA White,Hindmarsh Valley,South Australia,Australia,1,f,,,
Trichoglossus moluccanus,SAMA and SA White,Meadows,South Australia,Australia,1,f,,,
Trichoglossus moluccanus,SAMA and SA White,Victor Harbour,South Australia,Australia,1,f,,,
Trichoglossus moluccanus,SAMA and SA White,Salt Creek,South Australia,Australia,2,f,,,
Trichoglossus moluccanus,SAMA and SA White,Kingston SE,South Australia,Australia,1,f,,,
Trichoglossus moluccanus,SAMA and SA White,Coleraine,Victoria,Australia,2,f,,,
Trichoglossus moluccanus,SAMA and SA White,Mount Tambourine,Queensland,Australia,1,f,,,
Trichoglossus moluccanus,SAMA and SA White,Stewart River,Queensland,Australia,1,f,,,
Trichoglossus moluccanus,SAMA and SA White,Paira,Queensland,Australia,1,f,,,
Trichoglossus moluccanus,SAMA and SA White,Lockerbie,Queensland,Australia,1,f,,,
Trichoglossus moluccanus,SAMA and SA White,Bathurst Head,Queensland,Australia,1,f,,,
Trichoglossus moluccanus,AM,Palmer River,Queensland,Australia,1,m,,moluccanus/haematodus?,Palmer River headwaters CYP
Trichoglossus moluccanus,AM,Atherton,Queensland,Australia,2,m,,moluccanus/haematodus?,
Trichoglossus moluccanus,AM,Blackdown Tableland,Queensland,Australia,1,m,,moluccanus/haematodus?,
Trichoglossus moluccanus,AM,Ten Mile Gap Rd Shoalwater Bay,Queensland,Australia,1,m,,moluccanus/haematodus?,
Trichoglossus moluccanus,AM,Blackwood SA Sturt River,South Australia,Australia,1,m,,moluccanus/haematodus?,
Trichoglossus moluccanus,AM,Kingscote,South Australia,Australia,1,m,,moluccanus/haematodus?,
Trichoglossus moluccanus,AM,Shelburne Bay,Queensland,Australia,1,f,,moluccanus/haematodus?,
Trichoglossus moluccanus,AM,Atherton,,,1,f,,moluccanus/haematodus?,
Trichoglossus moluccanus,AM,Koppio,South Australia,Australia,1,f,,moluccanus/haematodus?,
Trichoglossus moluccanus,AM,Richmond River,New South Wales,Australia,1,m,,,
Trichoglossus moluccanus,AM,Bellinger River,Queensland,Australia,3,m,,,
Trichoglossus moluccanus,AM,Tamworth,New South Wales,Australia,8,m,,,
Trichoglossus moluccanus,AM,Maitland,New South Wales,Australia,9,m,,,
Trichoglossus moluccanus,AM,Gosford,New South Wales,Australia,12,m,,,
Trichoglossus moluccanus,AM,Richmond River,New South Wales,Australia,1,f,,,
Trichoglossus moluccanus,AM,Bellinger River,Queensland,Australia,4,f,,,
Trichoglossus moluccanus,AM,Port Macquarie,New South Wales,Australia,1,f,,,
Trichoglossus moluccanus,AM,Tamworth,New South Wales,Australia,1,f,,,
Trichoglossus moluccanus,AM,Maitland,New South Wales,Australia,1,f,,,
Trichoglossus moluccanus,AM,Gosford,New South Wales,Australia,5,f,,,
Trichoglossus moluccanus,AM,Terrigal,New South Wales,Australia,1,f,,,
Trichoglossus moluccanus,AM,Dangar Island,New South Wales,Australia,1,f,,,
Trichoglossus moluccanus,AM,Narrabeen,New South Wales,Australia,1,f,,,
Trichoglossus moluccanus,AM,Dobroyd Point,New South Wales,Australia,1,f,,Dobroyde,
Trichoglossus moluccanus,AM,Pymble,New South Wales,Australia,1,f,,,
Trichoglossus moluccanus,AM,Sydney,New South Wales,Australia,2,f,,,
Trichoglossus moluccanus,AM,Nth Suburbs Sydney,New South Wales,Australia,1,f,,,
Trichoglossus moluccanus,AM,Taronga Park,New South Wales,Australia,1,f,,,
Trichoglossus moluccanus,AM,Oberon,New South Wales,Australia,1,f,,,
Trichoglossus moluccanus,AM,Wyee,New South Wales,Australia,3,m,,,
Trichoglossus moluccanus,AM,Berowra,New South Wales,Australia,1,m,,,
Trichoglossus moluccanus,AM,Narrabeen,New South Wales,Australia,1,m,,,
Trichoglossus moluccanus,AM,Avalon,unclear,Australia,1,m,,,
Trichoglossus moluccanus,AM,Pymble,New South Wales,Australia,1,m,,,
Trichoglossus moluccanus,AM,Tarana,New South Wales,Australia,4,m,,,
Trichoglossus moluccanus,AM,Kurrajong,New South Wales,Australia,1,m,,,
Trichoglossus moluccanus,AM,Katoomba,New South Wales,Australia,1,m,,,
Trichoglossus moluccanus,AM,Lithgow,New South Wales,Australia,3,m,,,
Trichoglossus moluccanus,AM,Hartley,New South Wales,Australia,2,m,,,
Trichoglossus moluccanus,AM,Oberon,New South Wales,Australia,1,m,,,
Trichoglossus moluccanus,AM,Dobroyd Point,New South Wales,Australia,2,m,,Dobroyde,
Trichoglossus moluccanus,AM,Marrangaroo,New South Wales,Australia,2,m,,,
Trichoglossus moluccanus,AM,Rooty Hill,New South Wales,Australia,2,m,,,
Trichoglossus moluccanus,AM,Rydal,New South Wales,Australia,1,m,,,
Trichoglossus moluccanus,AM,Cronulla,New South Wales,Australia,1,m,,,
Trichoglossus moluccanus,AM,Bowenfels,New South Wales,Australia,3,m,,,
Trichoglossus haematodus,,Broome,Western Australia,Australia,2,f,moluccanus x rubritorquis,notes say probably pure rubritorqus but moluccanus is written in a different pen colour - added later?,
Trichoglossus moluccanus,,Burdekin Gap (Townsville region) 20 to 24degrees South Gladstone,Queensland,Australia,22,m,,Burdekin Gap (Townsville region) 20 to 24degrees South Gladstone,
Trichoglossus moluccanus,,Burdekin Gap (Townsville region) 20 to 24degrees South Gladstone,Queensland,Australia,23,f,,Burdekin Gap (Townsville region) 20 to 24degrees South Gladstone,
Trichoglossus rubritorquis,,Victoria River District,Northern Territory,Australia,37,m,,Kimberly Victoria River District,
Trichoglossus rubritorquis,,Victoria River District,Northern Territory,Australia,34,f,,Kimberly Victoria River District,
Trichoglossus rubritorquis,,Melville Island,Northern Territory,Australia,11,m,,,
Trichoglossus rubritorquis,,Melville Island,Northern Territory,Australia,4,f,,,
Trichoglossus rubritorquis,,Arnhem Land to Gulf of Carpentaria,,Australia,46,m,,,
Trichoglossus rubritorquis,,Arnhem Land to Gulf of Carpentaria,,Australia,29,f,,,
Trichoglossus rubritorquis,,S Gulf of Carpentaria Roper and Nicholson Rivers,,Australia,26,m,,,
Trichoglossus rubritorquis,,S Gulf of Carpentaria Roper and Nicholson Rivers,,Australia,10,f,,,
Trichoglossus moluccanus,,Hunter to S Monaro / Murray River,Victoria,Australia,70,m,,32 to 36 degrees,
Trichoglossus moluccanus,,Hunter to S Monaro / Murray River,Victoria,Australia,28,f,,32 to 36 degrees,
Trichoglossus moluccanus,AM,Gayndah (Burnett River),Queensland,Australia,1,,,unsexed,
Trichoglossus moluccanus,AM,Astonville,,Australia,1,,,unsexed,
Trichoglossus moluccanus,AM,Copmanhurst,New South Wales,Australia,3,,,unsexed,
Trichoglossus moluccanus,AM,Macleay River,New South Wales,Australia,1,,,unsexed,
Trichoglossus moluccanus,AM,Pt Denison,Queensland,Australia,1,,,unsexed,
Trichoglossus moluccanus,AM,Fraser Island,Queensland,Australia,1,,,unsexed,
Trichoglossus moluccanus,AM,Blackheath,New South Wales,Australia,1,,,unsexed,Blackheath Blue Mts
Trichoglossus moluccanus,AM,Port Stephens,New South Wales,Australia,1,,,unsexed,