"","species_name","museum_name","location","state","country","n_records","sex","subspecies","notes","place","lat","lon"
"1","Cacatua sanguinea","ANWC","Three Springs","Western Australia","Australia",9,"m","","","Three Springs, Western Australia, Australia",-29.4913105,115.635687587099
"2","Cacatua sanguinea","ANWC","23km NE Morawa","Western Australia","Australia",3,"m","","1st record: hybrid?","23km NE Morawa, Western Australia, Australia",-28.8261232927928,116.263716991917
"3","Cacatua sanguinea","ANWC","20km NE Mingenew","Western Australia","Australia",1,"m","","","20km NE Mingenew, Western Australia, Australia",-28.9632568198198,115.675349248095
"4","Cacatua sanguinea","ANWC","30km NE Mingenew","Western Australia","Australia",1,"m","","","30km NE Mingenew, Western Australia, Australia",-28.8731667297297,115.778497579426
"5","Cacatua sanguinea","ANWC","Gutha Siding","Western Australia","Australia",1,"m","","hybrid?","Gutha Siding, Western Australia, Australia",NA,NA
"6","Cacatua sanguinea","ANWC","Wiluna","Western Australia","Australia",2,"m","","","Wiluna, Western Australia, Australia",-26.591911,120.2253369
"7","Cacatua sanguinea","ANWC","Mt Augustus Station Carnarvon","Western Australia","Australia",1,"m","","subad","Mt Augustus Station Carnarvon, Western Australia, Australia",NA,NA
"8","Cacatua sanguinea","ANWC","Innouendy Station Carnarvon","Western Australia","Australia",2,"m","","","Innouendy Station Carnarvon, Western Australia, Australia",NA,NA
"9","Cacatua sanguinea","ANWC","40km SW Tom Price","Western Australia","Australia",1,"m","","","40km SW Tom Price, Western Australia, Australia",-23.0496575603604,117.406901905045
"10","Cacatua sanguinea","ANWC","Yarraloola Station, Robe River","Western Australia","Australia",1,"m","","","Yarraloola Station, Robe River, Western Australia, Australia",NA,NA
"11","Cacatua sanguinea","ANWC","Point Sampson","Western Australia","Australia",2,"m","","subad","Point Sampson, Western Australia, Australia",NA,NA
"12","Cacatua sanguinea","ANWC","130km S Port Hedland","Western Australia","Australia",1,"m","","sub","130km S Port Hedland, Western Australia, Australia",-21.4823525711712,118.5801181
"13","Cacatua sanguinea","ANWC","Lagrange","Western Australia","Australia",1,"m","","","Lagrange, Western Australia, Australia",-18.691654,121.98132768524
"14","Cacatua sanguinea","ANWC","Napier Downs, Derby","Western Australia","Australia",3,"m","","","Napier Downs, Derby, Western Australia, Australia",-17.32978145,124.815343257721
"15","Cacatua sanguinea","ANWC","Coorow","Western Australia","Australia",1,"f","","","Coorow, Western Australia, Australia",-29.97979365,115.618803182223
"16","Cacatua sanguinea","ANWC","Winchester Siding","Western Australia","Australia",2,"f","","","Winchester Siding, Western Australia, Australia",NA,NA
"17","Cacatua sanguinea","ANWC","Three Springs","Western Australia","Australia",10,"f","","","Three Springs, Western Australia, Australia",-29.4913105,115.635687587099
"18","Cacatua sanguinea","ANWC","Morawa","Western Australia","Australia",1,"f","","","Morawa, Western Australia, Australia",-29.0333305,116.026729330352
"19","Cacatua sanguinea","ANWC","Mingenew","Western Australia","Australia",4,"f","","","Mingenew, Western Australia, Australia",-29.143437,115.469052585434
"20","Cacatua sanguinea","ANWC","Gutha Siding","Western Australia","Australia",1,"f","","","Gutha Siding, Western Australia, Australia",NA,NA
"21","Cacatua sanguinea","ANWC","Wiluna","Western Australia","Australia",3,"f","","","Wiluna, Western Australia, Australia",-26.591911,120.2253369
"22","Cacatua sanguinea","ANWC","Innouendy Station Carnarvon","Western Australia","Australia",3,"f","","3rd record: sub","Innouendy Station Carnarvon, Western Australia, Australia",NA,NA
"23","Cacatua sanguinea","ANWC","40km SW Tom Price","Western Australia","Australia",2,"f","","","40km SW Tom Price, Western Australia, Australia",-23.0496575603604,117.406901905045
"24","Cacatua sanguinea","ANWC","Turee Creek, Hamersley Range","Western Australia","Australia",1,"f","","","Turee Creek, Hamersley Range, Western Australia, Australia",NA,NA
"25","Cacatua sanguinea","ANWC","Dampier","Western Australia","Australia",1,"f","","","Dampier, Western Australia, Australia",-20.6624798,116.7119013
"26","Cacatua sanguinea","ANWC","Roebourne","Western Australia","Australia",2,"f","","","Roebourne, Western Australia, Australia",-20.7723709,117.145828
"27","Cacatua sanguinea","ANWC","Mystery","","Australia",28,"m","","1st record: sub","Mystery, , Australia",-32.3866014,137.762182385714
"28","Cacatua sanguinea","ANWC","Port Hedland","Western Australia","Australia",1,"f","","","Port Hedland, Western Australia, Australia",-20.3111814,118.5801181
"29","Cacatua sanguinea","ANWC","Lagrange","Western Australia","Australia",2,"f","","","Lagrange, Western Australia, Australia",-18.691654,121.98132768524
"30","Cacatua sanguinea","ANWC","Napier Downs, Derby","Western Australia","Australia",2,"f","","both records: ad","Napier Downs, Derby, Western Australia, Australia",-17.32978145,124.815343257721
"31","Cacatua sanguinea","ANWC","Kununurra","Western Australia","Australia",24,"f","","5th record: imm, 8th record: AD, 17, 19th record: sub, 23, 24th record: imm ","Kununurra, Western Australia, Australia",-15.7730916,128.738839
"32","Cacatua sanguinea","ANWC","Halls Creek","Western Australia","Australia",1,"f","","","Halls Creek, Western Australia, Australia",-19.0089296,127.731767627238
"33","Cacatua sanguinea","ANWC","Koolpinyah, Darwin","Northern Territory","Australia",1,"m","","","Koolpinyah, Darwin, Northern Territory, Australia",-12.3633207,130.882207652456
"34","Cacatua sanguinea","ANWC","Cannon Hill","Northern Territory","Australia",1,"m","","","Cannon Hill, Northern Territory, Australia",-12.3575417,132.946117525605
"35","Cacatua sanguinea","ANWC","Magela Creek","Northern Territory","Australia",1,"m","","","Magela Creek, Northern Territory, Australia",-12.5935397,132.8762029
"36","Cacatua sanguinea","ANWC","Kapalga","Northern Territory","Australia",1,"m","","","Kapalga, Northern Territory, Australia",-12.6978554,132.370296320643
"37","Cacatua sanguinea","ANWC","Mt Isa","Queensland","Australia",2,"m","","","Mt Isa, Queensland, Australia",-20.7289898,139.4931522
"38","Cacatua sanguinea","ANWC","Standend CYP","Queensland","Australia",1,"m","","imm","Standend CYP, Queensland, Australia",NA,NA
"39","Cacatua sanguinea","ANWC","Inkerman","Queensland","Australia",2,"m","","1st record: ad","Inkerman, Queensland, Australia",-19.7111895,147.49732427189
"40","Cacatua sanguinea","ANWC","Delta Downs","Queensland","Australia",2,"m","","1st, 3rd record: ad, 2nd record: juv","Delta Downs, Queensland, Australia",-27.32685705,150.882375592042
"41","Cacatua sanguinea","ANWC","Richmond, Flinders River","Queensland","Australia",1,"m","","","Richmond, Flinders River, Queensland, Australia",-20.8021154,144.0886121
"42","Cacatua sanguinea","ANWC","Hughenden","Queensland","Australia",1,"m","","","Hughenden, Queensland, Australia",-20.8422448,144.2002892
"43","Cacatua sanguinea","ANWC","Townsville","Queensland","Australia",1,"m","","","Townsville, Queensland, Australia",-19.2569391,146.8239537
"44","Cacatua sanguinea","ANWC","Cluny Station (Bedourie-Winderah)","Queensland","Australia",3,"m","","2nd record: imm","Cluny Station (Bedourie-Winderah), Queensland, Australia",NA,NA
"45","Cacatua sanguinea","ANWC","Menindee","New South Wales","Australia",1,"m","","","Menindee, New South Wales, Australia",-32.3922289,142.4162971
"46","Cacatua sanguinea","ANWC","Dapto","New South Wales","Australia",1,"m","","","Dapto, New South Wales, Australia",-34.493037,150.791789
"47","Cacatua sanguinea","ANWC","Merbein","Victoria","Australia",2,"m","","","Merbein, Victoria, Australia",-34.167621,142.0581482
"48","Cacatua sanguinea","ANWC","Nelshaby","South Australia","Australia",2,"m","","","Nelshaby, South Australia, Australia",-33.1294331,138.1134455
"49","Cacatua sanguinea","ANWC","Port Germein","South Australia","Australia",1,"m","","sub","Port Germein, South Australia, Australia",-33.0205285,137.9993185
"50","Cacatua sanguinea","ANWC","Koolpinyah, Darwin","Northern Territory","Australia",1,"f","","","Koolpinyah, Darwin, Northern Territory, Australia",-12.3633207,130.882207652456
"51","Cacatua sanguinea","ANWC","Cannon Hill","Northern Territory","Australia",2,"f","","2nd record: imm","Cannon Hill, Northern Territory, Australia",-12.3575417,132.946117525605
"52","Cacatua sanguinea","ANWC","Kapalga","Northern Territory","Australia",1,"f","","ad","Kapalga, Northern Territory, Australia",-12.6978554,132.370296320643
"53","Cacatua sanguinea","ANWC","Maria Island","Northern Territory","Australia",1,"f","","ad","Maria Island, Northern Territory, Australia",NA,NA
"54","Cacatua sanguinea","ANWC","Mt Isa","Queensland","Australia",1,"f","","ad","Mt Isa, Queensland, Australia",-20.7289898,139.4931522
"55","Cacatua sanguinea","ANWC","Inkerman","Queensland","Australia",2,"f","","both records: ad","Inkerman, Queensland, Australia",-19.7111895,147.49732427189
"56","Cacatua sanguinea","ANWC","Delta Downs","Queensland","Australia",2,"f","","both records: sub","Delta Downs, Queensland, Australia",-27.32685705,150.882375592042
"57","Cacatua sanguinea","ANWC","Richmond, Flinders River","Queensland","Australia",1,"f","","ad","Richmond, Flinders River, Queensland, Australia",-20.8021154,144.0886121
"58","Cacatua sanguinea","ANWC","Hughenden","Queensland","Australia",1,"f","","subad","Hughenden, Queensland, Australia",-20.8422448,144.2002892
"59","Cacatua sanguinea","ANWC","Milperinka","New South Wales","Australia",2,"f","","1st record: ad","Milperinka, New South Wales, Australia",NA,NA
"60","Cacatua sanguinea","ANWC","Wilcannia","New South Wales","Australia",1,"f","","","Wilcannia, New South Wales, Australia",-31.5591717,143.3745777
"61","Cacatua sanguinea","ANWC","Menindee","New South Wales","Australia",4,"f","","1st record: AD, 2nd: SUB, 3rd: AD, 4th: SUB","Menindee, New South Wales, Australia",-32.3922289,142.4162971
"62","Cacatua sanguinea","ANWC","100km W Cobar","New South Wales","Australia",1,"f","","AD","100km W Cobar, New South Wales, Australia",-31.4983333,144.777861705724
"63","Cacatua sanguinea","ANWC","Dapto","New South Wales","Australia",1,"f","","AD","Dapto, New South Wales, Australia",-34.493037,150.791789
"64","Cacatua sanguinea","ANWC","Lake Tutchewop","Victoria","Australia",1,"f","","ad","Lake Tutchewop, Victoria, Australia",-35.51444895,143.753695401346
"65","Cacatua sanguinea","ANWC","Merbein","Victoria","Australia",3,"f","","1st: AD, 2nd: SUB, 3rd: AD","Merbein, Victoria, Australia",-34.167621,142.0581482
"66","Cacatua sanguinea","ANWC","Lake Harry","South Australia","Australia",1,"m","","","Lake Harry, South Australia, Australia",-29.3960798,138.306389722732
"67","Cacatua sanguinea","ANWC","Arkaringa Creek, Welbourne Hill","South Australia","Australia",4,"m","","1st: sub","Arkaringa Creek, Welbourne Hill, South Australia, Australia",NA,NA
"68","Cacatua sanguinea","ANWC","7mi E Cambrai","South Australia","Australia",1,"f","","","7mi E Cambrai, South Australia, Australia",NA,NA
"69","Cacatua sanguinea","ANWC","Nelshaby","South Australia","Australia",2,"f","","","Nelshaby, South Australia, Australia",-33.1294331,138.1134455
"70","Cacatua sanguinea","ANWC","Wirrealpa","South Australia","Australia",1,"f","","","Wirrealpa, South Australia, Australia",-31.1815612,139.170203017
"71","Cacatua sanguinea","ANWC","Beltana","South Australia","Australia",1,"f","","","Beltana, South Australia, Australia",-30.83131055,138.411241336749
"72","Cacatua sanguinea","ANWC","113km S Marla","South Australia","Australia",1,"f","","","113km S Marla, South Australia, Australia",-28.321138018018,133.6217946
"73","Cacatua sanguinea","ANWC","Manuka, Canberra","Australian Capital Territory","Australia",1,"f","","","Manuka, Canberra, Australian Capital Territory, Australia",-35.3201918,149.1328959
"74","Cacatua sanguinea","ANWC","12km SW Hillston","New South Wales","Australia",2,"f","","","12km SW Hillston, New South Wales, Australia",-33.5896306081081,145.404883082629
"75","Cacatua sanguinea","ANWC","29km NE Hillston","New South Wales","Australia",1,"f","","","29km NE Hillston, New South Wales, Australia",-33.2202612387387,145.847738150314
"76","Cacatua sanguinea","ANWC","39km W Condobolin","New South Wales","Australia",1,"f","","","39km W Condobolin, New South Wales, Australia",-33.0880805,146.728602992751
"77","Cacatua sanguinea","ANWC","21km N Miliner Station, Hamersley Ranges ","Western Australia","Australia",1,"m","","","21km N Miliner Station, Hamersley Ranges , Western Australia, Australia",NA,NA
"78","Cacatua sanguinea","ANWC","Kowanyama","Queensland","Australia",2,"m","","","Kowanyama, Queensland, Australia",-15.2749595,141.817936097091
"79","Cacatua sanguinea","ANWC","Noonbah","Queensland","Australia",1,"m","","","Noonbah, Queensland, Australia",-23.958205,143.2722763
"80","Cacatua sanguinea","ANWC","Canberra","Australian Capital Territory","Australia",1,"m","","JUV! soft bill","Canberra, Australian Capital Territory, Australia",-35.2975906,149.1012676
"81","Cacatua sanguinea","ANWC","29km NE Hillston, Lachlan River","New South Wales","Australia",2,"m","","","29km NE Hillston, Lachlan River, New South Wales, Australia",-33.1013466387387,145.989989502065
"82","Cacatua sanguinea","SA White Collection","Central Australia","Northern Territory","Australia",1,"m","","","Central Australia, Northern Territory, Australia",-23.6951964,133.8804272
"83","Cacatua sanguinea","SA White Collection","Moolooloo","South Australia","Australia",1,"m","","","Moolooloo, South Australia, Australia",-31.00842065,138.564730890038
"84","Cacatua sanguinea","SA White Collection","Moolooloo","South Australia","Australia",1,"f","","","Moolooloo, South Australia, Australia",-31.00842065,138.564730890038
"85","Cacatua sanguinea","SA White Collection","Mt Lyndhurst","South Australia","Australia",1,"f","","","Mt Lyndhurst, South Australia, Australia",-30.0192478,138.822456358022
"86","Cacatua sanguinea","SA White Collection","Innamincka","South Australia","Australia",1,"m","","prob male","Innamincka, South Australia, Australia",-27.745643,140.7375818
"87","Cacatua sanguinea","ANWC","Point Sampson, Roebourne","Western Australia","Australia",1,"m","westralensis ","","Point Sampson, Roebourne, Western Australia, Australia",NA,NA
"88","Cacatua sanguinea","ANWC","Cape Range NP","Western Australia","Australia",3,"f","westralensis ","","Cape Range NP, Western Australia, Australia",-22.15885,113.935370174576
"89","Cacatua sanguinea","ANWC","27km NE Toolunga Creek, Onslow","Western Australia","Australia",1,"f","westralensis ","","27km NE Toolunga Creek, Onslow, Western Australia, Australia",NA,NA
"90","Cacatua sanguinea","ANWC","21km N Mininer Station, Hamersley Ranges ","Western Australia","Australia",1,"f","westralensis ","","21km N Mininer Station, Hamersley Ranges , Western Australia, Australia",NA,NA
"91","Cacatua sanguinea","ANWC","54km NW Paraburdoo","Western Australia","Australia",1,"f","westralensis ","","54km NW Paraburdoo, Western Australia, Australia",-22.7141508135135,117.141210267129
"92","Cacatua sanguinea","ANWC","40km SW Mt Tom Price","Western Australia","Australia",1,"f","westralensis ","","40km SW Mt Tom Price, Western Australia, Australia",-23.1190779603604,117.385525902575
"93","Cacatua sanguinea","ANWC","Warramboo Creek, 312 SW Karratha","Western Australia","Australia",1,"f","westralensis ","","Warramboo Creek, 312 SW Karratha, Western Australia, Australia",NA,NA
"94","Cacatua sanguinea","QM","Kununurra","Western Australia","Australia",3,"m","","adults","Kununurra, Western Australia, Australia",-15.7730916,128.738839
"95","Cacatua sanguinea","QM","Kununurra","Western Australia","Australia",1,"f","","adults","Kununurra, Western Australia, Australia",-15.7730916,128.738839
"96","Cacatua sanguinea","QM","Mungeranie","South Australia","Australia",1,"m","","","Mungeranie, South Australia, Australia",-28.01533045,139.119786452472
"97","Cacatua sanguinea","QM","Birdsville","Queensland","Australia",1,"m","","","Birdsville, Queensland, Australia",-25.8980596,139.3523124
"98","Cacatua sanguinea","QM","Old Doomadgee","Queensland","Australia",1,"m","","out of geog sync","Old Doomadgee, Queensland, Australia",-17.9364684,138.8309817
"99","Cacatua sanguinea","QM","Georgina Range, Lake Nash","Northern Territory","Australia",1,"m","","","Georgina Range, Lake Nash, Northern Territory, Australia",NA,NA
"100","Cacatua sanguinea","QM","32km NE Lake Nash","Northern Territory","Australia",4,"m","","","32km NE Lake Nash, Northern Territory, Australia",-20.6759337117117,138.227313215149
"101","Cacatua sanguinea","QM","37km SW Mt Isa","Queensland","Australia",5,"m","","","37km SW Mt Isa, Queensland, Australia",-21.0623231333333,139.136746998901
"102","Cacatua sanguinea","QM","Leichardt River, Coolulah, 100km N Cloncurry","Queensland","Australia",2,"m","","","Leichardt River, Coolulah, 100km N Cloncurry, Queensland, Australia",NA,140.5058305
"103","Cacatua sanguinea","QM","Leichardt Falls, Floraville","Queensland","Australia",3,"m","","","Leichardt Falls, Floraville, Queensland, Australia",NA,NA
"104","Cacatua sanguinea","QM","Wernadinga","Queensland","Australia",1,"m","","","Wernadinga, Queensland, Australia",-18.1199,139.9575406
"105","Cacatua sanguinea","QM","Birdsville","Queensland","Australia",1,"f","","","Birdsville, Queensland, Australia",-25.8980596,139.3523124
"106","Cacatua sanguinea","QM","32km NE Lake Nash","Northern Territory","Australia",3,"f","","","32km NE Lake Nash, Northern Territory, Australia",-20.6759337117117,138.227313215149
"107","Cacatua sanguinea","QM","37km SW Mt Isa","Queensland","Australia",3,"f","","","37km SW Mt Isa, Queensland, Australia",-21.0623231333333,139.136746998901
"108","Cacatua sanguinea","QM","Leichardt River, Coolulah","Queensland","Australia",2,"f","","","Leichardt River, Coolulah, Queensland, Australia",NA,NA
"109","Cacatua sanguinea","QM","Bullocky Lagoon, 5km S Myra Vale","Queensland","Australia",11,"f","","8th record: imm","Bullocky Lagoon, 5km S Myra Vale, Queensland, Australia",NA,NA
"110","Cacatua sanguinea","QM","Bullocky Lagoon, 5km S Myra Vale","Queensland","Australia",5,"m","","","Bullocky Lagoon, 5km S Myra Vale, Queensland, Australia",NA,NA
"111","Cacatua sanguinea","QM","Flinders River Crossing, Milgarra","Queensland","Australia",5,"m","","","Flinders River Crossing, Milgarra, Queensland, Australia",NA,NA
"112","Cacatua sanguinea","QM","Noonbah","Queensland","Australia",1,"m","","","Noonbah, Queensland, Australia",-23.958205,143.2722763
"113","Cacatua sanguinea","QM","Currane, Dartmouth","Queensland","Australia",1,"m","","","Currane, Dartmouth, Queensland, Australia",NA,NA
"114","Cacatua sanguinea","QM","Currane, Dartmouth","Queensland","Australia",2,"f","","","Currane, Dartmouth, Queensland, Australia",NA,NA
"115","Cacatua sanguinea","QM","Flinders River Crossing, Milgarra","Queensland","Australia",2,"f","","1st: AD 2nd: sub","Flinders River Crossing, Milgarra, Queensland, Australia",NA,NA
"116","Cacatua sanguinea","QM","Uralla, Saxby River","Queensland","Australia",2,"f","","","Uralla, Saxby River, Queensland, Australia",NA,NA
"117","Cacatua sanguinea","QM","Noonbah","Queensland","Australia",1,"m","","","Noonbah, Queensland, Australia",-23.958205,143.2722763
"118","Cacatua sanguinea","QM","Currane, Dartmouth","Queensland","Australia",1,"m","","","Currane, Dartmouth, Queensland, Australia",NA,NA
"119","Cacatua sanguinea","QM","Currane, Dartmouth","Queensland","Australia",2,"f","","","Currane, Dartmouth, Queensland, Australia",NA,NA
"120","Cacatua sanguinea","?","Kai Islands","","Indonesia",2,"m","","","Kai Islands, , Indonesia",-5.77148835,132.737760021143
"121","Cacatua sanguinea","?","Tanimber Islands","","Indonesia",2,"m","","","Tanimber Islands, , Indonesia",NA,NA
"122","Cacatua sanguinea","?","Kisser Islands","","Indonesia",1,"f","","","Kisser Islands, , Indonesia",NA,NA
"123","Cacatua sanguinea","?","Tanimber Islands","","Indonesia",4,"f","","","Tanimber Islands, , Indonesia",NA,NA
"124","Cacatua sanguinea","?","Murchison Goldfield, Lake Way","Western Australia","Australia",1,"m","","type of westralensis","Murchison Goldfield, Lake Way, Western Australia, Australia",NA,NA
"125","Cacatua sanguinea","?","Point Cloates","Western Australia","Australia",1,"m","","","Point Cloates, Western Australia, Australia",-22.7165105,113.6706466
"126","Cacatua sanguinea","?","Fitzroy River (NWA)","Western Australia","Australia",1,"m","","","Fitzroy River (NWA), Western Australia, Australia",NA,NA
"127","Cacatua sanguinea","?","Oobagooma","Western Australia","Australia",1,"m","","","Oobagooma, Western Australia, Australia",NA,NA
"128","Cacatua sanguinea","?","Flora Valley","Western Australia","Australia",1,"m","","","Flora Valley, Western Australia, Australia",-18.3230548,128.0031516
"129","Cacatua sanguinea","?","Parry's Creek","Western Australia","Australia",1,"m","","type of subdistincta ","Parry's Creek, Western Australia, Australia",-32.0564319,115.8579056
"130","Cacatua sanguinea","?","Daly River","Northern Territory","Australia",1,"m","","","Daly River, Northern Territory, Australia",-13.5868485,130.641135921016
"131","Cacatua sanguinea","?","Melville Island","Northern Territory","Australia",2,"m","","1st: type of apsleyi","Melville Island, Northern Territory, Australia",-11.55217955,130.972739862689
"132","Cacatua sanguinea","?","South Alligator River","Northern Territory","Australia",2,"m","","1st: type of distincta","South Alligator River, Northern Territory, Australia",-13.3493717,132.3629413
"133","Cacatua sanguinea","?","Alexandria","Queensland","Australia",1,"m","","","Alexandria, Queensland, Australia",-26.384963,153.115700299332
"134","Cacatua sanguinea","?","Normanton","Queensland","Australia",2,"m","","1st: type of normantoni","Normanton, Queensland, Australia",-17.90756185,140.933684044475
"135","Cacatua sanguinea","?","Vindex","Queensland","Australia",1,"m","","","Vindex, Queensland, Australia",-22.61414745,143.400084497722
"136","Cacatua sanguinea","?","Yanco Glen","New South Wales","Australia",1,"m","","type of ashbyi","Yanco Glen, New South Wales, Australia",-31.7143152,141.5758153
"137","Cacatua sanguinea","?","Broken Hill","New South Wales","Australia",1,"m","","","Broken Hill, New South Wales, Australia",-31.965,141.4511111
"138","Cacatua sanguinea","?","Point Cloates","Western Australia","Australia",1,"f","","","Point Cloates, Western Australia, Australia",-22.7165105,113.6706466
"139","Cacatua sanguinea","?","Yardie Creek","Western Australia","Australia",1,"f","","","Yardie Creek, Western Australia, Australia",-22.2691809,113.9353035
"140","Cacatua sanguinea","?","Parry's Creek","Western Australia","Australia",2,"f","","1st: sub","Parry's Creek, Western Australia, Australia",-32.0564319,115.8579056
"141","Cacatua sanguinea","?","Flora Valley","Western Australia","Australia",1,"f","","","Flora Valley, Western Australia, Australia",-18.3230548,128.0031516
"142","Cacatua sanguinea","?","Daly River","Northern Territory","Australia",1,"f","","","Daly River, Northern Territory, Australia",-13.5868485,130.641135921016
"143","Cacatua sanguinea","?","Melville Island","Northern Territory","Australia",2,"f","","","Melville Island, Northern Territory, Australia",-11.55217955,130.972739862689
"144","Cacatua sanguinea","?","South Alligator River","Northern Territory","Australia",3,"f","","","South Alligator River, Northern Territory, Australia",-13.3493717,132.3629413
"145","Cacatua sanguinea","?","Normanton","Queensland","Australia",4,"f","","","Normanton, Queensland, Australia",-17.90756185,140.933684044475
"146","Cacatua sanguinea","?","Birdsville","Queensland","Australia",1,"f","","","Birdsville, Queensland, Australia",-25.8980596,139.3523124
"147","Cacatua sanguinea","?","Olary","South Australia","Australia",1,"f","","ad by wing tip","Olary, South Australia, Australia",-32.2803245,140.3265421
"148","Cacatua sanguinea","?","Yanco Glen","New South Wales","Australia",1,"f","","","Yanco Glen, New South Wales, Australia",-31.7143152,141.5758153
"149","Cacatua sanguinea","MV","Borden","Western Australia","Australia",1,"m","","","Borden, Western Australia, Australia",-34.0717971,118.2632954
"150","Cacatua sanguinea","MV","Exmouth","Western Australia","Australia",1,"m","","","Exmouth, Western Australia, Australia",-22.29247155,114.146958632811
"151","Cacatua sanguinea","MV","Carnarvon","Western Australia","Australia",1,"m","","","Carnarvon, Western Australia, Australia",-24.8826131,113.6576486
"152","Cacatua sanguinea","MV","Lake Way","Western Australia","Australia",1,"m","","","Lake Way, Western Australia, Australia",-26.8159106,120.373948779167
"153","Cacatua sanguinea","MV","NW Cape","Western Australia","Australia",1,"m","","","NW Cape, Western Australia, Australia",-33.8647915,114.9855019
"154","Cacatua sanguinea","MV","Derby","Western Australia","Australia",2,"m","","","Derby, Western Australia, Australia",-17.3031789,123.6282908
"155","Cacatua sanguinea","MV","Ord Irrigation","Western Australia","Australia",1,"m","","","Ord Irrigation, Western Australia, Australia",NA,NA
"156","Cacatua sanguinea","MV","Oenpelli","Northern Territory","Australia",1,"m","","","Oenpelli, Northern Territory, Australia",-12.324689,133.0536179
"157","Cacatua sanguinea","MV","Groote Eylandt","Northern Territory","Australia",1,"m","","","Groote Eylandt, Northern Territory, Australia",-13.9805252,136.586880058089
"158","Cacatua sanguinea","MV","Marla, SA","South Australia","Australia",2,"m","","","Marla, SA, South Australia, Australia",-27.30312,133.6217946
"159","Cacatua sanguinea","MV","Richman Valley, Flinders Ranges","South Australia","Australia",1,"m","","","Richman Valley, Flinders Ranges, South Australia, Australia",-32.3557221,138.0388389
"160","Cacatua sanguinea","MV","Wilpera, Flinders Ranges","South Australia","Australia",1,"m","","","Wilpera, Flinders Ranges, South Australia, Australia",NA,NA
"161","Cacatua sanguinea","MV","Mildura","Victoria","Australia",1,"m","","","Mildura, Victoria, Australia",-34.195274,142.1503146
"162","Cacatua sanguinea","MV","Merbein","Victoria","Australia",4,"m","","","Merbein, Victoria, Australia",-34.167621,142.0581482
"163","Cacatua sanguinea","MV","Lake Albacutya","Victoria","Australia",1,"m","","","Lake Albacutya, Victoria, Australia",-35.74878675,141.971184905182
"164","Cacatua sanguinea","MV","Borden","Western Australia","Australia",1,"f","","","Borden, Western Australia, Australia",-34.0717971,118.2632954
"165","Cacatua sanguinea","MV","Cape Range NP","Western Australia","Australia",1,"f","","","Cape Range NP, Western Australia, Australia",-22.15885,113.935370174576
"166","Cacatua sanguinea","MV","Lake Way","Western Australia","Australia",1,"f","","","Lake Way, Western Australia, Australia",-26.8159106,120.373948779167
"167","Cacatua sanguinea","MV","Dampier Island","Western Australia","Australia",2,"f","","","Dampier Island, Western Australia, Australia",-25.5113283,113.0136472
"168","Cacatua sanguinea","MV","Minilya River","Western Australia","Australia",1,"f","","","Minilya River, Western Australia, Australia",-23.8552074,115.1919722
"169","Cacatua sanguinea","MV","Ord Irrigation","Western Australia","Australia",2,"f","","","Ord Irrigation, Western Australia, Australia",NA,NA
"170","Cacatua sanguinea","MV","Oenpelli","Northern Territory","Australia",2,"f","","","Oenpelli, Northern Territory, Australia",-12.324689,133.0536179
"171","Cacatua sanguinea","MV","Richman Valley, Flinders Ranges","South Australia","Australia",2,"f","","","Richman Valley, Flinders Ranges, South Australia, Australia",-32.3557221,138.0388389
"172","Cacatua sanguinea","MV","Frome Downs","South Australia","Australia",1,"f","","","Frome Downs, South Australia, Australia",-30.57636645,140.174809640095
"173","Cacatua sanguinea","MV","Little Murray River","Victoria","Australia",1,"f","","","Little Murray River, Victoria, Australia",-35.35135675,143.56713481427
"174","Cacatua sanguinea","MV","Whyjouta Station","New South Wales","Australia",1,"f","","","Whyjouta Station, New South Wales, Australia",NA,NA
"175","Cacatua sanguinea","ANWC","Bulloo River Station","Northern Territory","Australia",1,"m","","","Bulloo River Station, Northern Territory, Australia",NA,NA
"176","Cacatua sanguinea","ANWC","Annaburroo Station","Northern Territory","Australia",1,"m","","main plume missing","Annaburroo Station, Northern Territory, Australia",NA,NA
"177","Cacatua sanguinea","ANWC","Mountain Valley Station","Northern Territory","Australia",2,"m","","","Mountain Valley Station, Northern Territory, Australia",NA,NA
"178","Cacatua sanguinea","ANWC","Koolpinyah","Northern Territory","Australia",2,"f","","","Koolpinyah, Northern Territory, Australia",-12.359574,131.21350000686
"179","Cacatua sanguinea","ANWC","Annaburroo Station","Northern Territory","Australia",1,"f","","main plume missing","Annaburroo Station, Northern Territory, Australia",NA,NA
"180","Cacatua sanguinea","ANWC","28km SE Wyndham","Western Australia","Australia",1,"m","","","28km SE Wyndham, Western Australia, Australia",-15.7390499522523,128.385375690921
"181","Cacatua sanguinea","ANWC","10km SE Bulka Station","Western Australia","Australia",5,"m","","","10km SE Bulka Station, Western Australia, Australia",NA,NA
"182","Cacatua sanguinea","ANWC","35km S Broome","Western Australia","Australia",2,"m","","","35km S Broome, Western Australia, Australia",-18.2720062153153,122.2240181
"183","Cacatua sanguinea","ANWC","Doon Doon Roadhouse","Western Australia","Australia",1,"m","","","Doon Doon Roadhouse, Western Australia, Australia",-16.3086414,128.2475834
"184","Cacatua sanguinea","ANWC","10km SE Bulka Station","Western Australia","Australia",2,"m","","","10km SE Bulka Station, Western Australia, Australia",NA,NA
"185","Cacatua sanguinea","ANWC","Derby","Western Australia","Australia",7,"-","","","Derby, Western Australia, Australia",-17.3031789,123.6282908
"186","Cacatua sanguinea","SAMA + SA White","Fitzroy River (NWA)","Queensland","Australia",1,"m","","","Fitzroy River (NWA), Queensland, Australia",NA,NA
"187","Cacatua sanguinea","SAMA + SA White","Adelaide River, NT","Northern Territory","Australia",1,"m","","","Adelaide River, NT, Northern Territory, Australia",-13.2387657,131.1070072
"188","Cacatua sanguinea","SAMA + SA White","Groote Eylandt","Northern Territory","Australia",2,"m","","","Groote Eylandt, Northern Territory, Australia",-13.9805252,136.586880058089
"189","Cacatua sanguinea","SAMA + SA White","Anna Creek","South Australia","Australia",1,"m","","","Anna Creek, South Australia, Australia",-28.76246055,136.02344170399
"190","Cacatua sanguinea","SAMA + SA White","Moolooloo","South Australia","Australia",1,"m","","","Moolooloo, South Australia, Australia",-31.00842065,138.564730890038
"191","Cacatua sanguinea","SAMA + SA White","Billa Kalina Station","South Australia","Australia",1,"m","","","Billa Kalina Station, South Australia, Australia",-30.0047584,136.0442054
"192","Cacatua sanguinea","SAMA + SA White","N of North Flinders Ranges","South Australia","Australia",1,"m","","","N of North Flinders Ranges, South Australia, Australia",NA,NA
"193","Cacatua sanguinea","SAMA + SA White","S. Quorn","South Australia","Australia",1,"m","","","S. Quorn, South Australia, Australia",-32.5174206,137.8425607
"194","Cacatua sanguinea","SAMA + SA White","Melrose","South Australia","Australia",2,"m","","","Melrose, South Australia, Australia",-32.8265904,138.1875684
"195","Cacatua sanguinea","SAMA + SA White","Crystal Brook","South Australia","Australia",3,"m","","","Crystal Brook, South Australia, Australia",-33.3518409,138.2067781
"196","Cacatua sanguinea","SAMA + SA White","Koolunga","South Australia","Australia",4,"m","","","Koolunga, South Australia, Australia",-33.586735,138.333276
"197","Cacatua sanguinea","SAMA + SA White","One Tree Hill","South Australia","Australia",1,"m","","","One Tree Hill, South Australia, Australia",-32.58278,139.18521
"198","Cacatua sanguinea","SAMA + SA White","Meda","Western Australia","Australia",1,"f","","","Meda, Western Australia, Australia",-17.2690235,124.005678517136
"199","Cacatua sanguinea","SAMA + SA White","Adelaide River, NT","Northern Territory","Australia",1,"f","","","Adelaide River, NT, Northern Territory, Australia",-13.2387657,131.1070072
"200","Cacatua sanguinea","SAMA + SA White","Melville Island","Northern Territory","Australia",1,"f","","","Melville Island, Northern Territory, Australia",-11.55217955,130.972739862689
"201","Cacatua sanguinea","SAMA + SA White","40mi SW Innamincka","South Australia","Australia",1,"f","","","40mi SW Innamincka, South Australia, Australia",NA,NA
"202","Cacatua sanguinea","SAMA + SA White","Mt Lyndhurst","South Australia","Australia",1,"f","","","Mt Lyndhurst, South Australia, Australia",-30.0192478,138.822456358022
"203","Cacatua sanguinea","SAMA + SA White","Moolooloo","South Australia","Australia",1,"f","","","Moolooloo, South Australia, Australia",-31.00842065,138.564730890038
"204","Cacatua sanguinea","SAMA + SA White","Beltana","South Australia","Australia",1,"f","","","Beltana, South Australia, Australia",-30.83131055,138.411241336749
"205","Cacatua sanguinea","SAMA + SA White","Owieandana. N Flinders","South Australia","Australia",1,"f","","sub, juv","Owieandana. N Flinders, South Australia, Australia",NA,NA
"206","Cacatua sanguinea","SAMA + SA White","Bunkers","South Australia","Australia",2,"f","","","Bunkers, South Australia, Australia",-33.67943755,137.011793784349
"207","Cacatua sanguinea","SAMA + SA White","S. Quorn","South Australia","Australia",1,"f","","","S. Quorn, South Australia, Australia",-32.5174206,137.8425607
"208","Cacatua sanguinea","SAMA + SA White","Georgetown","South Australia","Australia",1,"f","","","Georgetown, South Australia, Australia",-33.360812,138.3922639
"209","Cacatua sanguinea","SAMA + SA White","Melrose","South Australia","Australia",2,"f","","","Melrose, South Australia, Australia",-32.8265904,138.1875684
"210","Cacatua sanguinea","SAMA + SA White","Crystal Brook","South Australia","Australia",1,"f","","juv","Crystal Brook, South Australia, Australia",-33.3518409,138.2067781
"211","Cacatua sanguinea","SAMA + SA White","Koolunga","South Australia","Australia",2,"f","","","Koolunga, South Australia, Australia",-33.586735,138.333276
"212","Cacatua sanguinea","SAMA + SA White","Buckland Park","South Australia","Australia",1,"f","","","Buckland Park, South Australia, Australia",-34.6777748,138.5387677
"213","Cacatua sanguinea","SAMA + SA White","One Tree Hill","South Australia","Australia",1,"f","","","One Tree Hill, South Australia, Australia",-32.58278,139.18521
"214","Cacatua sanguinea","SAMA + SA White","Langhorne Creek","South Australia","Australia",1,"f","","","Langhorne Creek, South Australia, Australia",-35.295938,139.0364451
"215","Cacatua sanguinea","WAM","Eureka","Northern Territory","Australia",1,"m","","","Eureka, Northern Territory, Australia",-12.3864449,130.8893772
"216","Cacatua sanguinea","WAM","Coolibah Crossing Victoria River","Northern Territory","Australia",1,"m","","","Coolibah Crossing Victoria River, Northern Territory, Australia",NA,NA
"217","Cacatua sanguinea","WAM","Lighthouse Creek, Nicholson River","","Australia",1,"m","","","Lighthouse Creek, Nicholson River, , Australia",NA,NA
"218","Cacatua sanguinea","WAM","Ord Dam","Western Australia","Australia",1,"m","","","Ord Dam, Western Australia, Australia",-16.12135845,128.738617253073
"219","Cacatua sanguinea","WAM","Middle Fitzroy, -18'37', 125'45'","Western Australia","Australia",1,"m","","","Middle Fitzroy, -18'37', 125'45', Western Australia, Australia",NA,NA
"220","Cacatua sanguinea","WAM","Derby","Western Australia","Australia",1,"m","","","Derby, Western Australia, Australia",-17.3031789,123.6282908
"221","Cacatua sanguinea","WAM","Sandfire Rd House","Western Australia","Australia",3,"m","","coll. JR Ford","Sandfire Rd House, Western Australia, Australia",NA,NA
"222","Cacatua sanguinea","WAM","Coolibah Crossing Victoria Rd","Northern Territory","Australia",1,"f","","","Coolibah Crossing Victoria Rd, Northern Territory, Australia",NA,NA
"223","Cacatua sanguinea","WAM","Mt Hart Station","Western Australia","Australia",1,"f","","","Mt Hart Station, Western Australia, Australia",-16.8236945,124.918481
"224","Cacatua sanguinea","WAM","Lighthouse Creek, Nicholson River","","Australia",1,"f","","","Lighthouse Creek, Nicholson River, , Australia",NA,NA
"225","Cacatua sanguinea","WAM","Edgar Ranges","Western Australia","Australia",1,"f","","","Edgar Ranges, Western Australia, Australia",NA,NA
"226","Cacatua sanguinea","WAM","E Gardiner Ranges","Northern Territory","Australia",1,"f","","","E Gardiner Ranges, Northern Territory, Australia",NA,NA
"227","Cacatua sanguinea","WAM","Robe River Crossing on W Highway","Western Australia","Australia",1,"m","","","Robe River Crossing on W Highway, Western Australia, Australia",NA,NA
"228","Cacatua sanguinea","WAM","Dolphin Island, Dampier Archipeligo","Western Australia","Australia",4,"m","","","Dolphin Island, Dampier Archipeligo, Western Australia, Australia",NA,NA
"229","Cacatua sanguinea","WAM","Minilya River","Western Australia","Australia",1,"m","","","Minilya River, Western Australia, Australia",-23.8552074,115.1919722
"230","Cacatua sanguinea","WAM","Tom Price","Western Australia","Australia",1,"m","","","Tom Price, Western Australia, Australia",-22.6892972,117.7974898
"231","Cacatua sanguinea","WAM","Ashburton River","Western Australia","Australia",1,"m","","","Ashburton River, Western Australia, Australia",-23.1448488,116.5757668
"232","Cacatua sanguinea","WAM","Turee Creek","Western Australia","Australia",2,"m","","","Turee Creek, Western Australia, Australia",-22.7691083,118.1717277
"233","Cacatua sanguinea","WAM","Yardie Creek","Western Australia","Australia",2,"m","","","Yardie Creek, Western Australia, Australia",-22.2691809,113.9353035
"234","Cacatua sanguinea","WAM","Cardabia Creek","Western Australia","Australia",1,"m","","","Cardabia Creek, Western Australia, Australia",-24.6403553,113.8435434
"235","Cacatua sanguinea","WAM","Wooramel River","Western Australia","Australia",1,"m","","","Wooramel River, Western Australia, Australia",-25.8276055,115.5938476
"236","Cacatua sanguinea","WAM","Murchison River","Western Australia","Australia",1,"m","","","Murchison River, Western Australia, Australia",-25.8565603,118.5247984
"237","Cacatua sanguinea","WAM","Strawberry Bridge, Irwin River","Western Australia","Australia",2,"m","","","Strawberry Bridge, Irwin River, Western Australia, Australia",NA,NA
"238","Cacatua sanguinea","WAM","Morawa","Western Australia","Australia",1,"m","","","Morawa, Western Australia, Australia",-29.0333305,116.026729330352
"239","Cacatua sanguinea","WAM","Warri Warri Creek, Oakover River","Western Australia","Australia",2,"f","","","Warri Warri Creek, Oakover River, Western Australia, Australia",NA,NA
"240","Cacatua sanguinea","WAM","Millstream","Western Australia","Australia",1,"f","","","Millstream, Western Australia, Australia",-21.39409,117.427615654158
"241","Cacatua sanguinea","WAM","Turee Creek","Western Australia","Australia",1,"f","","","Turee Creek, Western Australia, Australia",-22.7691083,118.1717277
"242","Cacatua sanguinea","WAM","Tom Price","Western Australia","Australia",1,"f","","","Tom Price, Western Australia, Australia",-22.6892972,117.7974898
"243","Cacatua sanguinea","WAM","Tambrey ","Western Australia","Australia",1,"f","","","Tambrey , Western Australia, Australia",-20.7427815,116.80408605
"244","Cacatua sanguinea","WAM","Dolphin Island, Dampier Archipeligo","Western Australia","Australia",1,"f","","","Dolphin Island, Dampier Archipeligo, Western Australia, Australia",NA,NA
"245","Cacatua sanguinea","WAM","Minilya River","Western Australia","Australia",2,"f","","","Minilya River, Western Australia, Australia",-23.8552074,115.1919722
"246","Cacatua sanguinea","WAM","Wooramel River","Western Australia","Australia",2,"f","","","Wooramel River, Western Australia, Australia",-25.8276055,115.5938476
"247","Cacatua sanguinea","WAM","Murchison River","Western Australia","Australia",1,"f","","","Murchison River, Western Australia, Australia",-25.8565603,118.5247984
"248","Cacatua sanguinea","WAM","Strawberry Bridge, Irwin River","Western Australia","Australia",2,"f","","","Strawberry Bridge, Irwin River, Western Australia, Australia",NA,NA
"249","Cacatua sanguinea","WAM","Mingenew","Western Australia","Australia",2,"f","","","Mingenew, Western Australia, Australia",-29.143437,115.469052585434
"250","Cacatua sanguinea","WAM","Coorow","Western Australia","Australia",1,"f","","","Coorow, Western Australia, Australia",-29.97979365,115.618803182223
"251","Cacatua sanguinea","WAM","Three Springs","Western Australia","Australia",1,"f","","","Three Springs, Western Australia, Australia",-29.4913105,115.635687587099
"252","Cacatua sanguinea","WAM","Mingenew","Western Australia","Australia",4,"m","","","Mingenew, Western Australia, Australia",-29.143437,115.469052585434
"253","Cacatua sanguinea","WAM","Three Springs","Western Australia","Australia",6,"m","","3rd record: A17002, ? hybrid reddest bird in wheatbelt series, bill protruding forward","Three Springs, Western Australia, Australia",-29.4913105,115.635687587099
"254","Cacatua sanguinea","WAM","Coorow","Western Australia","Australia",1,"m","","","Coorow, Western Australia, Australia",-29.97979365,115.618803182223
"255","Cacatua sanguinea","WAM","Carnamah","Carnamah","Australia",1,"m","","","Carnamah, Carnamah, Australia",-29.6890002,115.8849304
"256","Cacatua sanguinea","WAM","Three Springs","Carnamah","Australia",3,"f","","1st record: A17049, hybrid? bill tip broken but projects rather forward","Three Springs, Carnamah, Australia",-29.5158875,115.9582955
"257","Cacatua sanguinea","ANWC","Little Murray River","Victoria","Australia",2,"f","","","Little Murray River, Victoria, Australia",-35.35135675,143.56713481427
