taxonConceptID,count,electorate,electorate_spp,electorate_sum,z_species,z_electorate,z_sum,rank,phylum,class,order,family,species,vernacular_name,state,image_author,image_licence,image_url,image_filename
urn:lsid:biodiversity.org.au:afd.taxon:ad0892cf-8c75-45f2-9af5-dc1cf86194b0,15,Adelaide,1060,20005,0.992245287,1.301682597,2.293927884,species,Chordata,Actinopterygii,Perciformes,Eleotridae,Philypnodon grandiceps,Flathead Gudgeon,SA,,,,
urn:lsid:biodiversity.org.au:afd.taxon:106a7d9b-dbf8-428f-8ac0-95d545a9dc44,21,Aston,1382,56622,0.843576102,3.199325124,4.042901226,species,Chordata,Aves,Gruiformes,Rallidae,Lewinia pectoralis,Lewin's Rail,VIC,,,,
urn:lsid:biodiversity.org.au:afd.taxon:77929aae-e7de-48dd-aac9-ba1080d28783,54,Ballarat,2075,97395,1.43532446,3.094032014,4.529356474,species,Chordata,Aves,Passeriformes,Monarchidae,Myiagra cyanoleuca,Satin Flycatcher,VIC,,,,
urn:lsid:biodiversity.org.au:afd.taxon:31ee79a4-1139-4c4e-b9e8-fcd21ac69d5b,58,Banks,686,18492,0.101065119,3.312632093,3.413697212,species,Chordata,Aves,Pelecaniformes,Phalacrocoracidae,Phalacrocorax varius,Pied Cormorant,NSW,,,,
urn:lsid:biodiversity.org.au:afd.taxon:e0f62784-decc-4b24-81b6-555c55589eed,19,Barker,2877,82089,1.933413788,2.645327318,4.578741107,species,Chordata,Reptilia,Squamata,Scincidae,Lerista bougainvillii,South-eastern Slider,SA,,,,
urn:lsid:biodiversity.org.au:afd.taxon:b2bf49cd-3e0d-4b13-9315-670adfddeba7,69,Barton,615,18483,0.616502428,2.539850113,3.156352541,species,Chordata,Amphibia,Anura,Hylidae,Litoria peronii,Peron's Tree Frog,NSW,,,,
urn:lsid:biodiversity.org.au:afd.taxon:ba624e08-5847-4c34-96cf-c3b414f00117,33,Bass,1794,14700,0.060630477,3.708358947,3.768989425,species,Chordata,Aves,Charadriiformes,Scolopacidae,Calidris ruficollis,Red-necked Stint,TAS,,,,
urn:lsid:biodiversity.org.au:afd.taxon:72e91e1a-63eb-488c-95d5-f4dd467b7fe8,256,Bean,1315,146449,0.899691589,3.516514711,4.4162063,species,Chordata,Aves,Passeriformes,Acanthizidae,Aphelocephala leucopsis,Southern Whiteface,ACT,,,,
urn:lsid:biodiversity.org.au:afd.taxon:ac2de3ed-ffb5-4792-b765-0331102d3238,445,Bendigo,1171,88372,1.550723398,2.867975478,4.418698876,species,Chordata,Amphibia,Anura,Limnodynastidae,Limnodynastes tasmaniensis,Spotted Grass Frog,VIC,,,,
urn:lsid:biodiversity.org.au:afd.taxon:d33f5b1c-df22-42ea-9347-58f229a53054,33,Bennelong,975,15297,0.025895154,2.729169002,2.755064156,species,Chordata,Amphibia,Anura,Hylidae,Litoria fallax,Eastern Dwarf Tree Frog,NSW,,,,
urn:lsid:biodiversity.org.au:afd.taxon:261f11a9-8780-4ece-a929-ba3bb6ac4382,186,Berowra,1161,19125,0.757078113,2.353130983,3.110209097,species,Chordata,Aves,Passeriformes,Acanthizidae,Gerygone mouki,Brown Gerygone,NSW,,,,
urn:lsid:biodiversity.org.au:afd.taxon:025b08d1-0e50-4723-b581-9be91d8d09ed,273,Blair,2379,106272,1.112208284,3.454319091,4.566527375,species,Chordata,Aves,Passeriformes,Rhipiduridae,Rhipidura rufifrons,Rufous Fantail,QLD,,,,
urn:lsid:biodiversity.org.au:afd.taxon:2634171f-c9e7-4f4a-9774-35ec20210765,85,Blaxland,1425,7000,-1.111824224,1.421718143,0.309893919,species,Chordata,Aves,Passeriformes,Rhipiduridae,Rhipidura leucophrys,Willie Wagtail,NSW,,,,
urn:lsid:biodiversity.org.au:afd.taxon:e43380b0-e34a-4bd3-996d-8c8dfdb10a3e,2813,Bonner,2122,141359,1.200991187,3.326066367,4.527057554,species,Chordata,Aves,Passeriformes,Meliphagidae,Lichmera indistincta,Brown Honeyeater,QLD,,,,
urn:lsid:biodiversity.org.au:afd.taxon:e4cb55f5-5a18-48c5-85e7-800be09c953e,60,Boothby,1558,12831,2.002534556,2.524719578,4.527254134,species,Chordata,Reptilia,Squamata,Gekkonidae,Christinus marmoratus,Marbled Gecko,SA,,,,
urn:lsid:biodiversity.org.au:afd.taxon:cdaae4b5-4a09-4986-8f7b-7cfdddbfc723,506,Bowman,1596,54404,1.163240636,3.371792723,4.535033359,species,Chordata,Aves,Falconiformes,Accipitridae,Haliaeetus leucogaster,white-bellied sea-eagle,QLD,,,,
urn:lsid:biodiversity.org.au:afd.taxon:7662aa0a-d690-473e-949b-111446433e14,192,Braddon,2086,56359,1.56928859,2.865440235,4.434728825,species,Chordata,Aves,Charadriiformes,Charadriidae,Vanellus tricolor,Banded Lapwing,TAS,,,,
urn:lsid:biodiversity.org.au:afd.taxon:b2930e11-70cd-4c03-8fa1-f06fec607cac,36,Bradfield,1500,17168,1.106447951,2.634193614,3.740641565,species,Chordata,Mammalia,Chiroptera,Vespertilionidae,Vespadelus vulturnus,Little Forest Bat,NSW,,,,
urn:lsid:biodiversity.org.au:afd.taxon:920b5569-aa29-4311-9f33-13bac4512b1d,25,Brand,680,10502,0.546548152,3.118298484,3.664846635,species,Chordata,Aves,Charadriiformes,Scolopacidae,Actitis hypoleucos,Common Sandpiper,WA,,,,
urn:lsid:biodiversity.org.au:afd.taxon:497a87d6-0d10-4baa-8c96-9b0e684b0a52,634,Brisbane,1043,23453,0.648537871,2.636809617,3.285347488,species,Chordata,Aves,Passeriformes,Oriolidae,Sphecotheres vieilloti,Australasian Figbird,QLD,,,,
urn:lsid:biodiversity.org.au:afd.taxon:f01d2520-d55e-441d-89a4-33323ee5f0b8,18,Bruce,785,15188,0.734261334,1.98050148,2.714762814,species,Chordata,Aves,Ciconiiformes,Ardeidae,Ardea modesta,Eastern Great Egret,VIC,,,,
urn:lsid:biodiversity.org.au:afd.taxon:5b444966-4c12-4cd3-ad12-a4537746e902,373,Burt,458,6334,1.474664648,2.503850757,3.978515404,species,Chordata,Amphibia,Anura,Hylidae,Litoria moorei,Moore's Frog,WA,,,,
urn:lsid:biodiversity.org.au:afd.taxon:7e891f26-c72e-4b29-98db-1cd10c4eaa6d,120,Calare,2123,112336,1.186528533,3.993518923,5.180047456,species,Chordata,Mammalia,Diprotodontia,Pseudocheiridae,Petauroides volans,Greater Glider,NSW,,,,
urn:lsid:biodiversity.org.au:afd.taxon:2f6104f3-8fc4-4622-840d-331dbd19defc,179,Calwell,885,16348,0.798718947,3.643295625,4.442014572,species,Chordata,Aves,Passeriformes,Artamidae,Artamus cyanopterus,Dusky Woodswallow,VIC,,,,
urn:lsid:biodiversity.org.au:afd.taxon:9baa55f2-69c1-486c-91f7-f96e58b7c945,109,Canberra,2235,250008,2.627210522,3.160793994,5.788004516,species,Chordata,Mammalia,Rodentia,Muridae,Hydromys chrysogaster,Water-rat,ACT,,,,
urn:lsid:biodiversity.org.au:afd.taxon:09643354-9293-4eed-a252-b797a8076e51,451,Canning,904,39225,1.208907969,2.878008702,4.086916671,species,Chordata,Aves,Ciconiiformes,Ardeidae,Egretta garzetta,Little Egret,WA,,,,
urn:lsid:biodiversity.org.au:afd.taxon:8e407974-a2d8-4ee0-a05f-5c956d6cfad8,79,Capricornia,2237,52093,0.409926331,3.129031749,3.53895808,species,Chordata,Aves,Charadriiformes,Charadriidae,Charadrius ruficapillus,Red-capped Dotterel,QLD,,,,
urn:lsid:biodiversity.org.au:afd.taxon:a33e7ff0-913f-43c5-8b37-40ab03b0f3d6,68,Casey,3171,89804,1.907801922,1.703683491,3.611485413,species,Chordata,Reptilia,Squamata,Scincidae,Anepischetosia maccoyi,Highlands Forest-skink,VIC,,,,
urn:lsid:biodiversity.org.au:afd.taxon:d14f5c5b-117a-4138-910a-f954cee75390,36,Chifley,422,2947,-0.475608139,2.264933224,1.789325086,species,Chordata,Aves,Psittaciformes,Psittacidae,Platycercus eximius,Eastern Rosella,NSW,,,,
urn:lsid:biodiversity.org.au:afd.taxon:1cc98443-ce0f-47fd-a47e-912a3272bd71,183,Chisholm,1225,83077,0.929210637,2.104155809,3.033366446,species,Chordata,Aves,Falconiformes,Accipitridae,Accipiter fasciatus,Brown Goshawk,VIC,,,,
urn:lsid:biodiversity.org.au:afd.taxon:0f520c9b-90ac-4a0b-bc2e-800b4f5a2665,970,Clark,2112,30488,0.458097748,2.819644104,3.277741852,species,Chordata,Aves,Passeriformes,Maluridae,Malurus cyaneus,Superb Fairy-wren,TAS,,,,
urn:lsid:biodiversity.org.au:afd.taxon:73df0898-150d-464b-8748-6383268fbb5e,184,Cook,1420,30207,2.107092665,3.009327451,5.116420116,species,Chordata,Actinopterygii,Perciformes,Cheilodactylidae,Cheilodactylus fuscus,Red Morwong,NSW,,,,
urn:lsid:biodiversity.org.au:afd.taxon:009f885b-605a-4f07-9679-b7c12b7ef387,313,Cooper,1045,32227,0.097955824,3.166726426,3.26468225,species,Chordata,Aves,Ciconiiformes,Ardeidae,Egretta novaehollandiae,White-faced Heron,VIC,,,,
urn:lsid:biodiversity.org.au:afd.taxon:fbef87a7-34cc-4eca-9c32-b951c51c840c,1357,Corangamite,1768,104429,1.449414447,3.353772022,4.80318647,species,Chordata,Aves,Anseriformes,Anatidae,Anas castanea,Chestnut Teal,VIC,,,,
urn:lsid:biodiversity.org.au:afd.taxon:fa188c0e-68ba-4b3f-8e8f-48734608c7d1,480,Corio,1756,125396,1.898136161,2.741023523,4.639159684,species,Chordata,Aves,Charadriiformes,Scolopacidae,Calidris ferruginea,Curlew Sandpiper,VIC,,,,
urn:lsid:biodiversity.org.au:afd.taxon:0446dbe0-12c9-4a5e-a65b-b0b59c673089,305,Cowan,281,4043,1.562199038,0.244711864,1.806910902,species,Chordata,Amphibia,Anura,Myobatrachidae,Crinia insignifera,Sign-bearing Froglet,WA,,,,
urn:lsid:biodiversity.org.au:afd.taxon:21464fca-984c-4103-ab72-5f6e9e7d5a2b,52,Cowper,5103,125576,2.543269985,2.371645226,4.914915211,species,Chordata,Aves,Falconiformes,Accipitridae,Pandion cristatus,Eastern Osprey,NSW,,,,
urn:lsid:biodiversity.org.au:afd.taxon:3c1baf33-4255-44cc-bd41-b660b96994ad,965,Cunningham,1734,91356,1.590453523,2.050001201,3.640454724,species,Chordata,Aves,Passeriformes,Acanthizidae,Acanthiza nana,Yellow Thornbill,NSW,,,,
urn:lsid:biodiversity.org.au:afd.taxon:89c4827f-8dc7-4578-bb15-9f7e6e1764e6,397,Curtin,1102,53216,1.437576304,2.835512472,4.273088776,species,Chordata,Aves,Caprimulgiformes,Podargidae,Podargus strigoides,Tawny Frogmouth,WA,,,,
urn:lsid:biodiversity.org.au:afd.taxon:6229886b-b945-4372-af53-08c17455f75b,181,Dawson,2264,38580,0.723337189,2.699335582,3.422672771,species,Chordata,Aves,Passeriformes,Hirundinidae,Petrochelidon ariel,Fairy Martin,QLD,,,,
urn:lsid:biodiversity.org.au:afd.taxon:7c098cc6-618e-44f7-b921-42170d4c7277,557,Deakin,1717,21698,0.29344783,2.490613687,2.784061518,species,Chordata,Aves,Passeriformes,Corvidae,Corvus mellori,Little Raven,VIC,,,,
urn:lsid:biodiversity.org.au:afd.taxon:fa5feddf-ac78-4032-8b64-855de0baf06b,514,Dickson,3352,172435,1.341527253,3.592854375,4.934381629,species,Chordata,Aves,Ciconiiformes,Ardeidae,Ardea intermedia,Intermediate Egret,QLD,,,,
urn:lsid:biodiversity.org.au:afd.taxon:21205690-54fd-452a-9772-d3e1f8780dff,114,Dobell,1185,41895,1.1689144,2.904946823,4.073861223,species,Chordata,Aves,Apodiformes,Apodidae,Hirundapus caudacutus,White-throated Needletail,NSW,,,,
urn:lsid:biodiversity.org.au:afd.taxon:48bfffd8-f058-49e3-ab1a-f72689d4f8df,66,Dunkley,1722,15974,-0.126625275,2.664881957,2.538256682,species,Chordata,Aves,Pelecaniformes,Phalacrocoracidae,Phalacrocorax carbo,Great Cormorant,VIC,,,,
urn:lsid:biodiversity.org.au:afd.taxon:b7a453b6-716e-4ba2-9e89-1f4b71abddef,632,Durack,3633,199152,1.861656698,3.190270994,5.051927692,species,Chordata,Aves,Psittaciformes,Cacatuidae,Nymphicus hollandicus,Cockatiel,WA,,,,
urn:lsid:biodiversity.org.au:afd.taxon:5c085a07-f936-40ee-a777-bed9ab89ae06,245,Eden-Monaro,3849,127488,2.595730153,2.914667612,5.510397765,species,Chordata,Aves,Strigiformes,Strigidae,Ninox novaeseelandiae,Southern Boobook,NSW,,,,
urn:lsid:biodiversity.org.au:afd.taxon:da8e2ea0-44a8-46a5-9fa4-c5b286e12417,394,Fadden,786,30601,0.791902686,2.696383965,3.488286651,species,Chordata,Aves,Pelecaniformes,Anhingidae,Anhinga novaehollandiae,Australasian Darter,QLD,,,,
urn:lsid:biodiversity.org.au:afd.taxon:37848309-72eb-4d28-aea3-686a939b19c8,65,Fairfax,3249,65847,0.553639261,3.782791383,4.336430644,species,Chordata,Aves,Cuculiformes,Cuculidae,Cacomantis variolosus,Brush Cuckoo,QLD,,,,
urn:lsid:biodiversity.org.au:afd.taxon:44fbaf1a-a7ef-4780-8693-d342ee3aa88e,34,Farrer,1409,119240,1.775910535,3.078657181,4.854567716,species,Chordata,Aves,Struthioniformes,Struthionidae,Struthio camelus,Ostrich,NSW,,,,
urn:lsid:biodiversity.org.au:afd.taxon:51dc6bc2-9165-4fc3-a374-1010ac3037d0,631,Fenner,1321,70820,1.162359649,2.014851028,3.177210676,species,Chordata,Aves,Psittaciformes,Psittacidae,Polytelis swainsonii,Superb Parrot,ACT,,,,
urn:lsid:biodiversity.org.au:afd.taxon:ed51c485-a41a-4e01-9eb9-b14267e25dff,773,Fisher,5316,101494,0.852682937,3.045277634,3.897960571,species,Chordata,Aves,Passeriformes,Acanthizidae,Sericornis frontalis,White-browed Scrubwren,QLD,,,,
urn:lsid:biodiversity.org.au:afd.taxon:bef86559-7ee3-4c5c-bfdb-bf3c4672157e,203,Flinders,2110,42296,0.981244681,3.361887801,4.343132483,species,Chordata,Aves,Passeriformes,Meliphagidae,Melithreptus lunatus,White-naped Honeyeater,VIC,,,,
urn:lsid:biodiversity.org.au:afd.taxon:6e0479cb-78dc-409e-a4f4-b53bc659aefa,101,Flynn,2834,54346,1.005360799,2.846244724,3.851605523,species,Chordata,Amphibia,Anura,Hylidae,Litoria caerulea,Green Tree Frog,QLD,,,,
urn:lsid:biodiversity.org.au:afd.taxon:f526df7e-2fcf-4096-a594-53eff19f898a,98,Forde,816,36633,0.459198777,2.725110525,3.184309302,species,Chordata,Aves,Passeriformes,Acanthizidae,Gerygone levigaster,Mangrove Gerygone,QLD,,,,
urn:lsid:biodiversity.org.au:afd.taxon:32efa9de-77cd-4bc5-9ac0-562902d03933,39,Forrest,1392,29653,1.485188981,2.726349196,4.211538176,species,Chordata,Aves,Procellariiformes,Procellariidae,Pterodroma mollis,Soft-plumaged Petrel,WA,,,,
urn:lsid:biodiversity.org.au:afd.taxon:f2ecb3e3-a6e2-45cc-a986-716a69eec650,31,Fowler,299,1877,0.914770597,-0.524170636,0.39059996,species,Chordata,Mammalia,Chiroptera,Vespertilionidae,Chalinolobus gouldii,Gould's Wattled Bat,NSW,,,,
urn:lsid:biodiversity.org.au:afd.taxon:52149285-a12a-4085-a285-b41af5ba3ce3,30,Franklin,2427,57116,1.5715855,2.479471892,4.051057391,species,Chordata,Mammalia,Dasyuromorphia,Dasyuridae,Dasyurus viverrinus,Eastern Quoll,TAS,,,,
urn:lsid:biodiversity.org.au:afd.taxon:2ba93200-2c16-431b-bf4d-d42a31325afb,47,Fraser,734,12111,-0.035117583,3.773395496,3.738277913,species,Chordata,Aves,Podicipediformes,Podicipedidae,Poliocephalus poliocephalus,Hoary-headed Grebe,VIC,,,,
urn:lsid:biodiversity.org.au:afd.taxon:6e0e413a-e59c-413b-9d16-3d20b1bab707,40,Fremantle,1309,37002,1.089942545,2.753083604,3.843026149,species,Chordata,Mammalia,Diprotodontia,Macropodidae,Setonix brachyurus,Quokka,WA,,,,
urn:lsid:biodiversity.org.au:afd.taxon:0444dfa9-d504-4480-8b4a-a5763a046001,983,Gellibrand,624,35018,1.000505092,3.52908446,4.529589552,species,Chordata,Aves,Passeriformes,Meliphagidae,Phylidonyris novaehollandiae,New Holland Honeyeater,VIC,,,,
urn:lsid:biodiversity.org.au:afd.taxon:284a0855-14f4-4da8-9fdc-b53009b65796,725,Gilmore,3434,173466,2.878146001,1.910112762,4.788258763,species,Chordata,Mammalia,Diprotodontia,Petauridae,Petaurus breviceps,Sugar Glider,NSW,,,,
urn:lsid:biodiversity.org.au:afd.taxon:474949ae-5d6c-4d27-bc3b-dcd20db93e18,36,Gippsland,4279,133932,3.929580005,1.915693566,5.845273571,species,Chordata,Actinopterygii,Anguilliformes,Anguillidae,Anguilla australis,shortfin eel,VIC,,,,
urn:lsid:biodiversity.org.au:afd.taxon:fc7c3638-388e-4e66-b036-2d0a41e7a784,359,Goldstein,1547,10648,0.098713329,2.347742849,2.446456178,species,Chordata,Aves,Pelecaniformes,Phalacrocoracidae,Microcarbo melanoleucos,Little Pied Cormorant,VIC,,,,
urn:lsid:biodiversity.org.au:afd.taxon:51c700dd-d2c3-4fb4-9d1f-2728bf2e302f,75,Gorton,385,2328,1.509014482,1.437557879,2.946572362,species,Chordata,Reptilia,Squamata,Pygopodidae,Delma impar,Many-lined Delma,VIC,,,,
urn:lsid:biodiversity.org.au:afd.taxon:60221177-d785-44e5-9adb-a7914a148e3f,117,Grayndler,654,3991,-0.315524536,1.76663814,1.451113604,species,Chordata,Aves,Charadriiformes,Laridae,Chroicocephalus novaehollandiae,Silver Gull,NSW,,,,
urn:lsid:biodiversity.org.au:afd.taxon:91c90b44-e9dd-4ce1-a4b5-37d60d59b859,65,Greenway,500,2586,0.673577827,2.333401877,3.006979703,species,Chordata,Aves,Psittaciformes,Psittacidae,Trichoglossus haematodus,Rainbow Lorikeet,NSW,,,,
urn:lsid:biodiversity.org.au:afd.taxon:f173137b-679e-4320-9576-35c3ec9037d0,17,Grey,2426,68624,1.630042425,2.692960248,4.323002672,species,Chordata,Reptilia,Squamata,Typhlopidae,Anilios bituberculatus,Prong-snouted Blind Snake,SA,,,,
urn:lsid:biodiversity.org.au:afd.taxon:21686993-4d8f-4ae5-8f81-017c8528c6d5,975,Griffith,1284,33231,1.380567748,2.421660361,3.802228109,species,Chordata,Aves,Psittaciformes,Psittacidae,Trichoglossus chlorolepidotus,Scaly-breasted Lorikeet,QLD,,,,
urn:lsid:biodiversity.org.au:afd.taxon:7613c3e0-edf7-4326-98fe-d6c342bcdb88,88,Groom,1267,31100,0.768976948,2.739176746,3.508153694,species,Chordata,Aves,Psittaciformes,Psittacidae,Parvipsitta pusilla,Little Lorikeet,QLD,,,,
urn:lsid:biodiversity.org.au:afd.taxon:9fa3d1ea-02e3-471d-b598-8761cbba9d3c,35,Hasluck,1013,18364,0.600137688,2.856306173,3.456443861,species,Chordata,Aves,Psittaciformes,Psittacidae,Platycercus icterotis,Western Rosella,WA,,,,
urn:lsid:biodiversity.org.au:afd.taxon:fb2711ca-71a0-478b-b6f3-2b4ded21bdec,242,Hawke,1543,28913,1.39150463,2.339843199,3.731347829,species,Chordata,Aves,Psittaciformes,Psittacidae,Parvipsitta porphyrocephala,Purple-crowned Lorikeet,VIC,,,,
urn:lsid:biodiversity.org.au:afd.taxon:ee3b26c0-1922-4225-ad8e-4d9f896cfc8e,1868,Herbert,1755,101474,1.373658782,2.782523578,4.15618236,species,Chordata,Aves,Passeriformes,Artamidae,Artamus leucorynchus,White-breasted Woodswallow,QLD,,,,
urn:lsid:biodiversity.org.au:afd.taxon:3fa8ae8c-23e1-4fe1-b3c5-312f6fb528ab,151,Higgins,473,10321,-0.336798869,3.215661911,2.878863043,species,Chordata,Aves,Gruiformes,Rallidae,Fulica atra,Eurasian Coot,VIC,,,,
urn:lsid:biodiversity.org.au:afd.taxon:b88430ed-f7d7-482e-a586-f0a02d8e11ce,12,Hindmarsh,981,11827,2.236275373,1.846668722,4.082944095,species,Chordata,Aves,Passeriformes,Megaluridae,Megalurus gramineus,Little Grassbird,SA,,,,
urn:lsid:biodiversity.org.au:afd.taxon:2851357e-d9d1-4cde-a3c2-ec4e1bee60a4,70,Hinkler,1681,56925,0.691513685,2.688881498,3.380395183,species,Chordata,Aves,Falconiformes,Falconidae,Falco longipennis,Australian Hobby,QLD,,,,
urn:lsid:biodiversity.org.au:afd.taxon:b6f829dd-0aef-4422-a3f6-77ff691aa9af,170,Holt,1679,21778,0.894746235,2.828365609,3.723111844,species,Chordata,Mammalia,Diprotodontia,Macropodidae,Wallabia bicolor,Swamp Wallaby,VIC,,,,
urn:lsid:biodiversity.org.au:afd.taxon:88df188e-fbc8-4220-82c1-d2fc03f2f83a,1953,Hotham,1016,16420,0.798454137,2.38801756,3.186471698,species,Chordata,Aves,Passeriformes,Meliphagidae,Manorina melanocephala,Noisy Miner,VIC,,,,
urn:lsid:biodiversity.org.au:afd.taxon:685363d2-4934-4c18-a286-e7ce31c51c46,31,Hughes,1374,36740,0.99706669,3.591091824,4.588158514,species,Chordata,Reptilia,Squamata,Agamidae,Amphibolurus muricatus,Jacky Lizard,NSW,,,,
urn:lsid:biodiversity.org.au:afd.taxon:f67d6bc2-c589-4954-a8bc-219f7dac0929,1094,Hume,1780,88393,1.026646994,3.490225355,4.516872349,species,Chordata,Aves,Passeriformes,Campephagidae,Coracina novaehollandiae,Black-faced cuckoo-shrike,NSW,,,,
urn:lsid:biodiversity.org.au:afd.taxon:83225d29-264f-4236-9dda-32f7d60fb3af,727,Hunter,1292,48121,2.663896543,2.625056332,5.288952876,species,Chordata,Aves,Passeriformes,Meliphagidae,Anthochaera phrygia,Regent Honeyeater,NSW,,,,
urn:lsid:biodiversity.org.au:afd.taxon:a293c570-af2b-4d37-b807-dfada59260a7,552,Indi,2614,114404,1.189254515,3.020778691,4.210033206,species,Chordata,Aves,Passeriformes,Acrocephalidae,Acrocephalus australis,Australian Reed Warbler,VIC,,,,
urn:lsid:biodiversity.org.au:afd.taxon:18ce1fc8-3045-4136-8a45-f5c94d2ef96f,15,Isaacs,1698,47432,1.609588032,2.259595097,3.869183129,species,Chordata,Actinopterygii,Perciformes,Sparidae,Acanthopagrus butcheri,yellow-finned bream,VIC,,,,
urn:lsid:biodiversity.org.au:afd.taxon:b75a8371-ee27-4f4e-9b09-4fa279e5c5f7,1075,Jagajaga,1163,45820,1.504940296,2.532498813,4.037439108,species,Chordata,Aves,Psittaciformes,Psittacidae,Glossopsitta concinna,Musk Lorikeet,VIC,,,,
urn:lsid:biodiversity.org.au:afd.taxon:03229bdf-31a4-4ada-aeb8-076e461fd602,224,Kennedy,4417,305421,1.362229037,3.483793845,4.846022882,species,Chordata,Aves,Anseriformes,Anatidae,Nettapus coromandelianus,Cotton Pygmy-goose,QLD,,,,
urn:lsid:biodiversity.org.au:afd.taxon:7b83b270-c1d1-4753-8aef-d5c4b9d3804b,37,Kingsford Smith,1712,29144,1.8428674,2.380678287,4.223545686,species,Chordata,Actinopterygii,Perciformes,Monodactylidae,Schuettea scalaripinnis,ladder-finned pomfret,NSW,,,,
urn:lsid:biodiversity.org.au:afd.taxon:2c50c2f6-7a0d-44e1-b549-458427b420c4,19,Kingston,1077,13450,-0.164400041,3.336662952,3.172262912,species,Chordata,Amphibia,Anura,Limnodynastidae,Limnodynastes dumerilii,Eastern Banjo Frog,SA,,,,
urn:lsid:biodiversity.org.au:afd.taxon:3aca9928-daf5-416d-a343-60e194b2c2c2,60,Kooyong,855,10594,-0.229292527,2.536541594,2.307249068,species,Chordata,Aves,Psittaciformes,Psittacidae,Alisterus scapularis,Australian King-parrot,VIC,,,,
urn:lsid:biodiversity.org.au:afd.taxon:291b43fb-26da-409c-aca7-5f4c5e2e9856,195,La Trobe,1722,30293,0.69951201,3.218270863,3.917782873,species,Chordata,Aves,Cuculiformes,Cuculidae,Cacomantis flabelliformis,Fan-tailed Cuckoo,VIC,,,,
urn:lsid:biodiversity.org.au:afd.taxon:f1a17af7-9855-4ca5-8573-e9fd3e1f57a9,45,Lalor,569,85197,0.656846988,3.594740154,4.251587142,species,Chordata,Aves,Charadriiformes,Scolopacidae,Calidris tenuirostris,Great Knot,VIC,,,,
urn:lsid:biodiversity.org.au:afd.taxon:242e9696-c125-4c1a-865d-85a00199cadf,1427,Leichhardt,5544,206521,1.898578582,3.56417336,5.462751942,species,Chordata,Aves,Charadriiformes,Scolopacidae,Limosa lapponica,Bar-tailed Godwit,QLD,,,,
urn:lsid:biodiversity.org.au:afd.taxon:3e3f32e7-1946-4a53-887b-aeaaf920537b,195,Lilley,1440,90451,0.657440398,2.854796326,3.512236724,species,Chordata,Aves,Cuculiformes,Cuculidae,Scythrops novaehollandiae,Channel-billed Cuckoo,QLD,,,,
urn:lsid:biodiversity.org.au:afd.taxon:c1d2d6c3-1123-4461-8c07-3254ea76f391,29,Lindsay,728,22960,0.972659797,2.079588562,3.052248359,species,Chordata,Reptilia,Squamata,Elapidae,Pseudechis porphyriacus,Red-bellied Black Snake,NSW,,,,
urn:lsid:biodiversity.org.au:afd.taxon:6c4cfe42-65cf-4538-81ac-8440fe7916b9,2458,Lingiari,3000,206785,2.102847287,3.354842974,5.457690261,species,Chordata,Aves,Psittaciformes,Cacatuidae,Cacatua sanguinea,Little Corella,NT,,,,
urn:lsid:biodiversity.org.au:afd.taxon:55d8f414-6423-4997-8610-2978cd084b4c,1469,Longman,3389,71065,0.850932197,3.219054274,4.069986471,species,Chordata,Aves,Charadriiformes,Charadriidae,Vanellus miles,Masked Lapwing,QLD,,,,
urn:lsid:biodiversity.org.au:afd.taxon:82f18b82-bc29-4847-83bc-eb94f72843ae,33,Lyne,4411,151502,1.501985273,3.202269105,4.704254378,species,Chordata,Reptilia,Squamata,Scincidae,Lampropholis delicata,Dark-flecked Garden Sunskink,NSW,,,,
urn:lsid:biodiversity.org.au:afd.taxon:42ff2e76-ee4c-4a84-ac4a-024896be875a,312,Lyons,2887,46687,1.508110468,3.191756834,4.699867302,species,Chordata,Aves,Pelecaniformes,Phalacrocoracidae,Phalacrocorax fuscescens,Black-faced Cormorant,TAS,,,,
urn:lsid:biodiversity.org.au:afd.taxon:b9b34bcf-4b63-4cd6-8d9f-2b9b6ad97936,11,Macarthur,623,16056,1.212492173,1.125038605,2.337530778,species,Chordata,Mammalia,Chiroptera,Molossidae,Micronomus norfolkensis,Eastern Freetail-bat,NSW,,,,
urn:lsid:biodiversity.org.au:afd.taxon:96e81ce0-ba02-4f33-b831-b598eece44a7,169,Mackellar,2015,38316,1.340904809,2.777701518,4.118606327,species,Chordata,Mammalia,Rodentia,Muridae,Rattus fuscipes,Bush Rat,NSW,,,,
urn:lsid:biodiversity.org.au:afd.taxon:decc8626-8424-4ffc-8d2e-474b316453a9,458,Macnamara,1055,51159,1.991717599,2.381389283,4.373106882,species,Chordata,Aves,Ciconiiformes,Ardeidae,Nycticorax caledonicus,Nankeen night heron,VIC,,,,
urn:lsid:biodiversity.org.au:afd.taxon:73375100-0957-49a5-94e8-ec0599a60dd0,92,Macquarie,3086,113225,2.270102846,2.623758658,4.893861504,species,Chordata,Reptilia,Squamata,Agamidae,Rankinia diemensis,Mountain Dragon,NSW,,,,
urn:lsid:biodiversity.org.au:afd.taxon:82bbd853-36e5-4813-9c9d-9be3b01d5965,93,Makin,1039,14819,2.700146808,1.159049937,3.859196744,species,Chordata,Aves,Gruiformes,Rallidae,Porphyrio porphyrio,Purple Swamphen,SA,,,,
urn:lsid:biodiversity.org.au:afd.taxon:bc413b0b-abd6-48c6-bc56-0606c18354db,592,Mallee,2999,169916,1.643472807,3.533064781,5.176537588,species,Chordata,Aves,Passeriformes,Pachycephalidae,Pachycephala inornata,Gilbert's Whistler,VIC,,,,
urn:lsid:biodiversity.org.au:afd.taxon:7f3f49fb-b2f3-4696-8207-c4d2ee769424,1517,Maranoa,2900,199806,2.061147367,4.834860556,6.896007923,species,Chordata,Aves,Passeriformes,Monarchidae,Myiagra inquieta,Restless Flycatcher,QLD,,,,
urn:lsid:biodiversity.org.au:afd.taxon:b77e1af2-85ec-4d71-b6ce-cb46608e1536,128,Maribyrnong,674,15971,0.411871531,3.138737389,3.55060892,species,Chordata,Aves,Passeriformes,Cisticolidae,Cisticola exilis,Golden-headed Cisticola,VIC,,,,
urn:lsid:biodiversity.org.au:afd.taxon:44f8629d-8ed7-447a-8657-b628b24added,175,Mayo,3070,92405,2.761714661,3.445135995,6.206850655,species,Chordata,Reptilia,Squamata,Scincidae,Lampropholis guichenoti,Pale-flecked Garden Sunskink,SA,,,,
urn:lsid:biodiversity.org.au:afd.taxon:891834b7-8219-4f43-abd6-b20a067253bb,766,McEwen,1756,43923,0.93248739,2.335271563,3.267758953,species,Chordata,Aves,Passeriformes,Meliphagidae,Caligavis chrysops,Yellow-faced Honeyeater,VIC,,,,
urn:lsid:biodiversity.org.au:afd.taxon:8169c034-7064-456c-a777-ce8ba705ea35,42,McMahon,505,2201,-1.150009076,3.048784222,1.898775146,species,Chordata,Aves,Passeriformes,Artamidae,Strepera graculina,Pied Currawong,NSW,,,,
urn:lsid:biodiversity.org.au:afd.taxon:4ee5e372-dd7c-4c03-acb8-0f041468db76,218,McPherson,921,14397,-0.021190222,3.289096733,3.267906511,species,Chordata,Aves,Pelecaniformes,Phalacrocoracidae,Phalacrocorax sulcirostris,Little Black Cormorant,QLD,,,,
urn:lsid:biodiversity.org.au:afd.taxon:5da8abb3-75e5-460a-933d-c0918d49dc11,209,Melbourne,1102,58508,1.661676434,2.565821023,4.227497457,species,Chordata,Aves,Falconiformes,Accipitridae,Accipiter cirrocephalus,Collared Sparrowhawk,VIC,,,,
urn:lsid:biodiversity.org.au:afd.taxon:285bf48d-0b9b-4575-aec9-60b7d05483e8,612,Menzies,1605,20386,0.329963603,2.044700591,2.374664195,species,Chordata,Aves,Passeriformes,Meliphagidae,Anthochaera carunculata,Red wattlebird,VIC,,,,
urn:lsid:biodiversity.org.au:afd.taxon:417895d7-610a-4255-b1fd-60a55e39c1dc,20,Mitchell,621,6593,0.533199106,2.966260448,3.499459554,species,Chordata,Reptilia,Squamata,Scincidae,Eulamprus quoyii,Eastern Water-skink,NSW,,,,
urn:lsid:biodiversity.org.au:afd.taxon:a544d198-058f-43f6-b79d-108a812ae101,27,Monash,3056,88692,1.119202119,3.199017278,4.318219396,species,Chordata,Actinopterygii,Perciformes,Percichthyidae,Nannoperca australis,Southern Pigmy Perch,VIC,,,,
urn:lsid:biodiversity.org.au:afd.taxon:803a6245-e23d-444c-a2ac-4b8a09e69c3a,183,Moncrieff,767,12375,0.306141669,3.301672704,3.607814373,species,Chordata,Aves,Charadriiformes,Laridae,Thalasseus bergii,Crested Tern,QLD,,,,
urn:lsid:biodiversity.org.au:afd.taxon:fb435306-1f8a-4eb1-bb0e-d8d45d06c326,12,Moore,673,14347,2.483279766,1.777728692,4.261008458,species,Chordata,Actinopterygii,Tetraodontiformes,Aracanidae,Aracana aurita,Shaws Cowfish,WA,,,,
urn:lsid:biodiversity.org.au:afd.taxon:9e797cd8-e8a0-40ed-a2a6-6abecff8e21f,137,Moreton,2934,139493,0.745455616,3.603072158,4.348527774,species,Chordata,Aves,Charadriiformes,Burhinidae,Burhinus grallarius,Bush Stone-curlew,QLD,,,,
urn:lsid:biodiversity.org.au:afd.taxon:00b1b9a2-70c9-45be-8019-9c7fd755afc8,3173,New England,3228,129468,2.836104758,2.367219715,5.203324473,species,Chordata,Mammalia,Diprotodontia,Phalangeridae,Trichosurus vulpecula,Common Brushtail Possum,NSW,,,,
urn:lsid:biodiversity.org.au:afd.taxon:21ab21e4-5cd7-4e68-9268-1b6db1a9c3aa,344,Newcastle,1479,36900,1.108860483,2.671929829,3.780790312,species,Chordata,Aves,Charadriiformes,Scolopacidae,Numenius madagascariensis,Eastern curlew,NSW,,,,
urn:lsid:biodiversity.org.au:afd.taxon:8a42d117-54c1-4c26-8d2d-2d097e731c69,2284,Nicholls,1795,80167,1.333432624,2.74802891,4.081461534,species,Chordata,Aves,Passeriformes,Meliphagidae,Ptilotula penicillata,White-plumed Honeyeater,VIC,,,,
urn:lsid:biodiversity.org.au:afd.taxon:e8e1bff1-fc7f-47a4-80fe-52360fed6017,14,North Sydney,1055,10786,1.913882007,2.485014615,4.398896622,species,Chordata,Actinopterygii,Tetraodontiformes,Tetraodontidae,Tetractenos hamiltoni,Common Toadfish,NSW,,,,
urn:lsid:biodiversity.org.au:afd.taxon:597261d9-ba8a-499e-a83c-fa19f774a5a3,825,O'Connor,2945,97020,2.039635997,2.521119725,4.560755722,species,Chordata,Aves,Psittaciformes,Psittacidae,Neophema elegans,Elegant Parrot,WA,,,,
urn:lsid:biodiversity.org.au:afd.taxon:49a2d3a7-266e-400a-9167-fa73ef518e02,137,Oxley,963,30974,0.057418276,2.618297359,2.675715635,species,Chordata,Aves,Passeriformes,Pachycephalidae,Pachycephala pectoralis,Golden Whistler,QLD,,,,
urn:lsid:biodiversity.org.au:afd.taxon:8db28e18-e424-4a04-b12f-f00e1256b136,27,Page,5735,81547,2.053446589,3.159456865,5.212903454,species,Chordata,Aves,Columbiformes,Columbidae,Chalcophaps indica,Emerald Dove,NSW,,,,
urn:lsid:biodiversity.org.au:afd.taxon:00a94dc7-fc59-4396-afe8-aecdf26389e2,75,Parkes,1535,191670,2.028822178,3.170865365,5.199687543,species,Chordata,Reptilia,Squamata,Diplodactylidae,Diplodactylus vittatus,Wood Gecko,NSW,,,,
urn:lsid:biodiversity.org.au:afd.taxon:d78e0837-9d10-4691-bc7d-90ea82260fa6,379,Parramatta,545,10359,0.437514112,1.910256532,2.347770644,species,Chordata,Aves,Passeriformes,Corvidae,Corvus coronoides,Australian Raven,NSW,,,,
urn:lsid:biodiversity.org.au:afd.taxon:680ad7a7-a5fc-4e69-872d-16f8711238ac,19,Paterson,1616,34403,2.911921167,3.057537576,5.969458743,species,Chordata,Chondrichthyes,Myliobatiformes,Dasyatidae,Neotrygon trigonoides,Coral Sea Maskray,NSW,,,,
urn:lsid:biodiversity.org.au:afd.taxon:232c168e-2460-481e-bfe0-5c32eadaded6,53,Pearce,537,6796,0.352247561,2.907435208,3.259682769,species,Chordata,Aves,Passeriformes,Meliphagidae,Phylidonyris niger,White-cheeked Honeyeater,WA,,,,
urn:lsid:biodiversity.org.au:afd.taxon:c54cb861-a0e4-4c41-9a69-7241d9a4fc21,628,Perth,817,28376,0.345167576,3.139370622,3.484538198,species,Chordata,Aves,Ciconiiformes,Threskiornithidae,Threskiornis moluccus,Australian White Ibis,WA,,,,
urn:lsid:biodiversity.org.au:afd.taxon:dfe138fb-ac1e-492b-ad0a-b47b3b273058,1027,Petrie,1370,75352,0.70762749,3.106393886,3.814021376,species,Chordata,Aves,Passeriformes,Rhipiduridae,Rhipidura albiscapa,Grey Fantail,QLD,,,,
urn:lsid:biodiversity.org.au:afd.taxon:f6edc452-91de-4ab0-9cf6-49ca23b82995,27,Rankin,856,11170,0.500888767,2.005304825,2.506193592,species,Chordata,Aves,Falconiformes,Accipitridae,Lophoictinia isura,Square-tailed Kite,QLD,,,,
urn:lsid:biodiversity.org.au:afd.taxon:0f1578f0-608d-4035-bdb0-640708b73d46,62,Reid,817,26591,2.08192798,2.273070143,4.354998123,species,Chordata,Aves,Charadriiformes,Recurvirostridae,Himantopus himantopus,Pied Stilt,NSW,,,,
urn:lsid:biodiversity.org.au:afd.taxon:8472dd02-e960-4c15-8b06-5e3156c7b0c0,12,Richmond,3629,97363,2.336876027,3.446067422,5.782943449,species,Chordata,Mammalia,Cetacea,Balaenopteridae,Megaptera novaeangliae,humpback whale,NSW,,,,
urn:lsid:biodiversity.org.au:afd.taxon:819ab778-a0c6-4b32-a676-b9d25ba6cc4e,874,Riverina,913,61092,0.857783062,3.115620191,3.973403253,species,Chordata,Aves,Passeriformes,Artamidae,Cracticus nigrogularis,Pied Butcherbird,NSW,,,,
urn:lsid:biodiversity.org.au:afd.taxon:6f6cb7fc-ce1d-4e82-93af-7f80cefc77ec,51,Robertson,1674,18303,0.056674869,2.401956798,2.458631667,species,Chordata,Aves,Passeriformes,Menuridae,Menura novaehollandiae,Superb Lyrebird,NSW,,,,
urn:lsid:biodiversity.org.au:afd.taxon:4fa32dcd-7530-4236-8e94-2858ff48f605,797,Ryan,2558,145839,1.137368009,3.72867264,4.866040649,species,Chordata,Aves,Cuculiformes,Centropodidae,Centropus phasianinus,Pheasant Coucal,QLD,,,,
urn:lsid:biodiversity.org.au:afd.taxon:cfcc7058-47fa-4407-b0a0-e4246bea0368,86,Scullin,371,36649,0.814143483,2.835401892,3.649545374,species,Chordata,Aves,Anseriformes,Anatidae,Oxyura australis,Blue-billed duck,VIC,,,,
urn:lsid:biodiversity.org.au:afd.taxon:a244509e-6a8c-4011-a26a-cbfecb625e7e,19,Shortland,1110,17643,1.967986184,2.568304899,4.536291083,species,Chordata,Actinopterygii,Perciformes,Carangidae,Seriola hippos,Kingy,NSW,,,,
urn:lsid:biodiversity.org.au:afd.taxon:bc592487-c9b3-4139-ac20-2ed97c19b6d2,274,Solomon,964,72625,1.450649224,3.702581579,5.153230803,species,Chordata,Aves,Charadriiformes,Charadriidae,Charadrius mongolus,Lesser Sand Plover,NT,,,,
urn:lsid:biodiversity.org.au:afd.taxon:f874a368-aa4d-487b-84a5-30fe43878b08,37,Spence,887,5565,0.379282145,3.257980127,3.637262272,species,Chordata,Aves,Charadriiformes,Laridae,Chlidonias hybrida,whiskered tern,SA,,,,
urn:lsid:biodiversity.org.au:afd.taxon:7065d246-3017-4768-9c8f-8c58c0e538c1,2339,Sturt,935,10076,2.349592483,1.971815041,4.321407523,species,Chordata,Mammalia,Chiroptera,Pteropodidae,Pteropus poliocephalus,Grey-headed Flying-fox,SA,,,,
urn:lsid:biodiversity.org.au:afd.taxon:4617f00e-6076-40ea-97a7-1687416b8ec1,110,Swan,495,16321,1.730910299,2.460339075,4.191249374,species,Chordata,Aves,Passeriformes,Meliphagidae,Anthochaera lunulata,Western Wattlebird,WA,,,,
urn:lsid:biodiversity.org.au:afd.taxon:016c6ee5-52f3-46a2-9a9c-bebc8461418a,11,Sydney,1175,20715,1.421199733,2.661380354,4.082580088,species,Chordata,Aves,Procellariiformes,Procellariidae,Pterodroma neglecta,Kermadec Petrel,NSW,,,,
urn:lsid:biodiversity.org.au:afd.taxon:755d948d-8b77-4f9b-8f96-d4856c551d7d,254,Tangney,682,11790,-0.703102838,2.830923502,2.127820664,species,Chordata,Aves,Passeriformes,Hirundinidae,Hirundo neoxena,Welcome Swallow,WA,,,,
urn:lsid:biodiversity.org.au:afd.taxon:6c14d4ed-b27c-419d-a685-070795ec32e3,455,Wannon,2913,109992,1.480341087,2.926410326,4.406751414,species,Chordata,Aves,Falconiformes,Accipitridae,Circus approximans,Kahu,VIC,,,,
urn:lsid:biodiversity.org.au:afd.taxon:22772c0f-b270-447c-9063-557e7b411f1e,12,Warringah,2348,32246,2.125799425,2.619712492,4.745511917,species,Chordata,Chondrichthyes,Myliobatiformes,Myliobatidae,Myliobatis tenuicaudatus,Eagle Ray,NSW,,,,
urn:lsid:biodiversity.org.au:afd.taxon:052889ce-bdeb-4ee6-8208-edcc062c2119,52,Watson,460,3342,-0.024836256,2.000303628,1.975467372,species,Chordata,Aves,Passeriformes,Meliphagidae,Myzomela sanguinolenta,Scarlet Honeyeater,NSW,,,,
urn:lsid:biodiversity.org.au:afd.taxon:39c22a1e-e7fa-408a-b7e8-f9a2001889fb,35,Wentworth,1017,33993,1.634446116,3.753066325,5.387512442,species,Chordata,Reptilia,Testudines,Chelidae,Emydura macquarii,Murray Turtle,NSW,,,,
urn:lsid:biodiversity.org.au:afd.taxon:78d80a58-c9ee-42d4-a0e1-c43bcccf9d56,18,Werriwa,401,1643,0.397604723,2.872863901,3.270468623,species,Chordata,Reptilia,Squamata,Scincidae,Tiliqua scincoides,Eastern Blue-tongue,NSW,,,,
urn:lsid:biodiversity.org.au:afd.taxon:afed9681-a273-41b6-95e5-9f11ad4bff71,15,Whitlam,1082,68249,1.095986177,2.819112037,3.915098214,species,Chordata,Mammalia,Chiroptera,Vespertilionidae,Vespadelus darlingtoni,Large Forest Bat,NSW,,,,
urn:lsid:biodiversity.org.au:afd.taxon:492e2fe8-32e7-4cea-8337-c48d0c98a11e,1381,Wide Bay,3863,91247,1.335507664,3.203583166,4.53909083,species,Chordata,Aves,Passeriformes,Meliphagidae,Anthochaera chrysoptera,Little Wattlebird,QLD,,,,
urn:lsid:biodiversity.org.au:afd.taxon:d044f2c3-32ec-4c34-9740-3f8a723c0c5b,450,Wills,534,13692,0.221616309,2.915574626,3.137190935,species,Chordata,Aves,Passeriformes,Artamidae,Cracticus torquatus,Grey Butcherbird,VIC,,,,
urn:lsid:biodiversity.org.au:afd.taxon:6e8f4c65-4fae-4954-a4a8-cb8964176882,645,Wright,4072,119358,0.979239401,3.470433293,4.449672694,species,Chordata,Aves,Passeriformes,Estrildidae,Stizoptera bichenovii,Double-barred Finch,QLD,,,,