electorate,electorate_records.x,electorate_spp,taxonConceptID,species,kingdom,phlum,count,electorate_records.y,prop_obs,z_score,scientific_name,scientific_name_authorship,rank,match_type,phylum,class,order,family,genus,vernacular_name,issues,state
Adelaide,18614,160,urn:lsid:biodiversity.org.au:afd.taxon:7065d246-3017-4768-9c8f-8c58c0e538c1,Pteropus poliocephalus,Animalia,Chordata,6824,18614,0.366605781,7.587819261,Pteropus poliocephalus,"Temminck, 1825",species,taxonIdMatch,Chordata,Mammalia,Chiroptera,Pteropodidae,Pteropus,Grey-headed Flying-fox,noIssue,SA
Aston,63783,217,urn:lsid:biodiversity.org.au:afd.taxon:96af4c12-efff-4535-b157-9447a6cd1831,Acanthiza pusilla,Animalia,Chordata,1776,63783,0.02784441,2.335281181,Acanthiza (Acanthiza) pusilla,"(Shaw, 1790)",species,taxonIdMatch,Chordata,Aves,Passeriformes,Acanthizidae,Acanthiza,Brown Thornbill,noIssue,VIC
Ballarat,108950,295,urn:lsid:biodiversity.org.au:afd.taxon:05cef650-bb87-477b-ac7b-ca208e86f742,Cygnus atratus,Animalia,Chordata,3025,108950,0.02776503,3.238412758,Cygnus (Chenopis) atratus,"(Latham, 1790)",species,taxonIdMatch,Chordata,Aves,Anseriformes,Anatidae,Cygnus,Black Swan,noIssue,VIC
Banks,19508,239,urn:lsid:biodiversity.org.au:afd.taxon:f9eb417b-2de3-48ac-ba4e-1d438f0cb323,Cacatua galerita,Animalia,Chordata,1249,19508,0.064025015,3.955157145,Cacatua (Cacatua) galerita,"(Latham, 1790)",species,taxonIdMatch,Chordata,Aves,Psittaciformes,Cacatuidae,Cacatua,Sulphur-crested Cockatoo,noIssue,NSW
Barker,86322,527,urn:lsid:biodiversity.org.au:afd.taxon:ada5e2b7-1b23-410d-a3cf-1a81853a7de8,Menetia greyii,Animalia,Chordata,279,86322,0.003232085,4.580288461,Menetia greyii,"Gray, 1845",species,taxonIdMatch,Chordata,Reptilia,Squamata,Scincidae,Menetia,Common Dwarf Skink,noIssue,SA
Barton,21941,214,urn:lsid:biodiversity.org.au:afd.taxon:b77e1af2-85ec-4d71-b6ce-cb46608e1536,Cisticola exilis,Animalia,Chordata,290,21941,0.013217264,3.962750798,Cisticola (Cisticola) exilis,"(Vigors & Horsfield, 1827)",species,taxonIdMatch,Chordata,Aves,Passeriformes,Cisticolidae,Cisticola,Golden-headed Cisticola,noIssue,NSW
Bass,13940,218,urn:lsid:biodiversity.org.au:afd.taxon:ae2be63c-f203-4545-9c9d-568e157bece4,Liopholis whitii,Animalia,Chordata,13,13940,0.000932568,3.559366553,Liopholis whitii,"(Lacépède, 1804)",species,taxonIdMatch,Chordata,Reptilia,Squamata,Scincidae,Liopholis,White's Skink,noIssue,TAS
Bean,172864,300,urn:lsid:biodiversity.org.au:afd.taxon:ab945317-2d4a-4ee8-93b1-ae21974ef6d7,Acanthiza lineata,Animalia,Chordata,1830,172864,0.010586357,2.928770463,Acanthiza (Subacanthiza) lineata,"Gould, 1838",species,taxonIdMatch,Chordata,Aves,Passeriformes,Acanthizidae,Acanthiza,Striated Thornbill,noIssue,ACT
Bendigo,98191,313,urn:lsid:biodiversity.org.au:afd.taxon:0a888edc-bb4d-4d60-9849-53a928044f3c,Ptilotula fusca,Animalia,Chordata,1331,98191,0.013555214,6.200394334,Ptilotula fusca,"(Gould, 1837)",species,taxonIdMatch,Chordata,Aves,Passeriformes,Meliphagidae,Ptilotula,Fuscous Honeyeater,noIssue,VIC
Bennelong,15514,222,urn:lsid:biodiversity.org.au:afd.taxon:c303a58c-ffb9-4bf6-a71b-5e22299c5ee2,Ninox strenua,Animalia,Chordata,226,15514,0.014567487,4.040592144,Ninox (Rhabdoglaux) strenua,"(Gould, 1838)",species,taxonIdMatch,Chordata,Aves,Strigiformes,Strigidae,Ninox,Powerful Owl,noIssue,NSW
Berowra,19588,314,urn:lsid:biodiversity.org.au:afd.taxon:6338346a-0f1d-4a49-82e8-5794a16899a8,Varanus varius,Animalia,Chordata,87,19588,0.004441495,3.925992164,Varanus varius,"(White, 1790)",species,taxonIdMatch,Chordata,Reptilia,Squamata,Varanidae,Varanus,Lace Monitor,noIssue,NSW
Blair,110504,408,urn:lsid:biodiversity.org.au:afd.taxon:d49cad90-2ccc-4db6-8478-aab368fdb08d,Coturnix ypsilophora,Animalia,Chordata,523,110504,0.00473286,4.423183826,Coturnix (Synoicus) ypsilophora,"Bosc, 1792",species,taxonIdMatch,Chordata,Aves,Galliformes,Phasianidae,Coturnix,Swamp Quail,noIssue,QLD
Blaxland,4852,177,urn:lsid:biodiversity.org.au:afd.taxon:c54cb861-a0e4-4c41-9a69-7241d9a4fc21,Threskiornis moluccus,Animalia,Chordata,308,4852,0.063478978,4.11296057,Threskiornis moluccus,"(Cuvier, 1829)",species,taxonIdMatch,Chordata,Aves,Ciconiiformes,Threskiornithidae,Threskiornis,Australian White Ibis,noIssue,NSW
Bonner,148926,477,urn:lsid:biodiversity.org.au:afd.taxon:1ce224e1-fc7d-4373-ab42-e2e88633d891,Platalea regia,Animalia,Chordata,1667,148926,0.011193479,2.725737567,Platalea (Platalea) regia,"Gould, 1838",species,taxonIdMatch,Chordata,Aves,Ciconiiformes,Threskiornithidae,Platalea,Royal Spoonbill,noIssue,QLD
Boothby,9852,191,urn:lsid:biodiversity.org.au:afd.taxon:e4cb55f5-5a18-48c5-85e7-800be09c953e,Christinus marmoratus,Animalia,Chordata,61,9852,0.006191636,6.327770254,Christinus marmoratus,"(Gray, 1845)",species,taxonIdMatch,Chordata,Reptilia,Squamata,Gekkonidae,Christinus,Marbled Gecko,noIssue,SA
Bowman,57198,348,urn:lsid:biodiversity.org.au:afd.taxon:431b9eb1-a77f-4178-8b5c-2d7b83b61a65,Tringa brevipes,Animalia,Chordata,297,57198,0.005192489,3.22453537,Tringa (Heteroscelus) brevipes,"(Vieillot, 1816)",species,taxonIdMatch,Chordata,Aves,Charadriiformes,Scolopacidae,Tringa,Grey-tailed Tattler,noIssue,QLD
Braddon,64288,236,urn:lsid:biodiversity.org.au:afd.taxon:7662aa0a-d690-473e-949b-111446433e14,Vanellus tricolor,Animalia,Chordata,192,64288,0.00298656,3.375072672,Vanellus (Lobivanellus) tricolor,"(Vieillot, 1818)",species,taxonIdMatch,Chordata,Aves,Charadriiformes,Charadriidae,Vanellus,Banded Lapwing,noIssue,TAS
Bradfield,14651,249,urn:lsid:biodiversity.org.au:afd.taxon:57842363-1c36-40d7-b3f6-a3baeb2fa50f,Miniopterus orianae,Animalia,Chordata,114,14651,0.007781039,5.827410201,Miniopterus orianae oceanensis,"Maeda, 1982",subspecies,taxonIdMatch,Chordata,Mammalia,Chiroptera,Miniopteridae,Miniopterus,Eastern Bent-winged Bat,noIssue,NSW
Brand,10820,209,urn:lsid:biodiversity.org.au:afd.taxon:c46afabe-2ea4-43e5-8f4d-4075e7f82589,Eudyptula minor,Animalia,Chordata,42,10820,0.003881701,4.530785773,Eudyptula minor,"(J.R. Forster, 1781)",species,taxonIdMatch,Chordata,Aves,Sphenisciformes,Spheniscidae,Eudyptula,Little Penguin,noIssue,WA
Brisbane,25006,218,urn:lsid:biodiversity.org.au:afd.taxon:106a7d9b-dbf8-428f-8ac0-95d545a9dc44,Lewinia pectoralis,Animalia,Chordata,115,25006,0.004598896,7.264802239,Lewinia pectoralis,"(Temminck, 1831)",species,taxonIdMatch,Chordata,Aves,Gruiformes,Rallidae,Lewinia,Lewin's Rail,noIssue,QLD
Bruce,17405,188,urn:lsid:biodiversity.org.au:afd.taxon:291b43fb-26da-409c-aca7-5f4c5e2e9856,Cacomantis flabelliformis,Animalia,Chordata,177,17405,0.010169492,4.019015548,Cacomantis (Vidgenia) flabelliformis,"(Latham, 1801)",species,taxonIdMatch,Chordata,Aves,Cuculiformes,Cuculidae,Cacomantis,Fan-tailed Cuckoo,noIssue,VIC
Burt,6451,168,urn:lsid:biodiversity.org.au:afd.taxon:cb90081d-ee94-4fe8-a028-91c292836d69,Ardea pacifica,Animalia,Chordata,40,6451,0.006200589,4.303328798,Ardea (Ardea) pacifica,"Latham, 1801",species,taxonIdMatch,Chordata,Aves,Ciconiiformes,Ardeidae,Ardea,White-necked Heron,noIssue,WA
Calare,138979,448,urn:lsid:biodiversity.org.au:afd.taxon:ef70e7c7-a3ca-4476-ac64-c2cbdc663562,Vespadelus regulus,Animalia,Chordata,271,138979,0.001949935,5.082669605,Vespadelus regulus,"(Thomas, 1906)",species,taxonIdMatch,Chordata,Mammalia,Chiroptera,Vespertilionidae,Vespadelus,Southern Forest Bat,noIssue,NSW
Calwell,18586,187,urn:lsid:biodiversity.org.au:afd.taxon:e3a02fd4-abea-49d9-82d5-98208455ecd3,Hieraaetus morphnoides,Animalia,Chordata,103,18586,0.005541806,5.841597724,Hieraaetus (Hieraaetus) morphnoides,"(Gould, 1841)",species,taxonIdMatch,Chordata,Aves,Falconiformes,Accipitridae,Hieraaetus,Little Eagle,noIssue,VIC
Canberra,307834,273,urn:lsid:biodiversity.org.au:afd.taxon:3b87e272-6e9b-4829-adfa-af648b5f0c49,Malacorhynchus membranaceus,Animalia,Chordata,1863,307834,0.006051963,2.025103668,Malacorhynchus membranaceus,"(Latham, 1801)",species,taxonIdMatch,Chordata,Aves,Anseriformes,Anatidae,Malacorhynchus,Pink-eared Duck,noIssue,ACT
Canning,40783,273,urn:lsid:biodiversity.org.au:afd.taxon:186ec2cd-8267-4162-8c0a-7c6bc51262c2,Calidris melanotos,Animalia,Chordata,87,40783,0.002133242,5.55261098,Calidris (Erolia) melanotos,"(Vieillot, 1819)",species,taxonIdMatch,Chordata,Aves,Charadriiformes,Scolopacidae,Calidris,Pectoral Sandpiper,noIssue,WA
Capricornia,53925,520,urn:lsid:biodiversity.org.au:afd.taxon:059944c2-f018-48e1-97e5-5d12c2e9e97c,Pitta versicolor,Animalia,Chordata,229,53925,0.004246639,4.21310177,Pitta (Pitta) versicolor,"Swainson, 1825",species,taxonIdMatch,Chordata,Aves,Passeriformes,Pittidae,Pitta,Noisy Pitta,noIssue,QLD
Casey,84129,300,urn:lsid:biodiversity.org.au:afd.taxon:3aca9928-daf5-416d-a343-60e194b2c2c2,Alisterus scapularis,Animalia,Chordata,1815,84129,0.021574011,2.781992188,Alisterus scapularis,"(Lichtenstein, 1816)",species,taxonIdMatch,Chordata,Aves,Psittaciformes,Psittacidae,Alisterus,Australian King-parrot,noIssue,VIC
Chifley,3099,207,urn:lsid:biodiversity.org.au:afd.taxon:16992949-c87a-4b5a-a94a-342be097bf27,Chenonetta jubata,Animalia,Chordata,65,3099,0.020974508,1.724138547,Chenonetta jubata,"(Latham, 1801)",species,taxonIdMatch,Chordata,Aves,Anseriformes,Anatidae,Chenonetta,Maned Duck,noIssue,NSW
Chisholm,95971,195,urn:lsid:biodiversity.org.au:afd.taxon:b75a8371-ee27-4f4e-9b09-4fa279e5c5f7,Glossopsitta concinna,Animalia,Chordata,2575,95971,0.026831022,2.985207023,Glossopsitta concinna,"(Shaw, 1791)",species,taxonIdMatch,Chordata,Aves,Psittaciformes,Psittacidae,Glossopsitta,Musk Lorikeet,noIssue,VIC
Clark,32154,174,urn:lsid:biodiversity.org.au:afd.taxon:76757d03-0605-47a4-9ca4-cb68320ba3ab,Larus dominicanus,Animalia,Chordata,1057,32154,0.032873048,4.762579993,Larus (Larus) dominicanus,"Lichtenstein, 1823",species,taxonIdMatch,Chordata,Aves,Charadriiformes,Laridae,Larus,Dominican Gull,noIssue,TAS
Cook,30687,495,urn:lsid:biodiversity.org.au:afd.taxon:242e9696-c125-4c1a-865d-85a00199cadf,Limosa lapponica,Animalia,Chordata,499,30687,0.016260957,5.607619529,Limosa lapponica,"(Linnaeus, 1758)",species,taxonIdMatch,Chordata,Aves,Charadriiformes,Scolopacidae,Limosa,Bar-tailed Godwit,noIssue,NSW
Cooper,39691,193,urn:lsid:biodiversity.org.au:afd.taxon:96567379-2006-4846-aa11-fbed5306438b,Ixobrychus dubius,Animalia,Chordata,57,39691,0.001436094,3.415216404,Ixobrychus dubius,"Mathews, 1912",species,taxonIdMatch,Chordata,Aves,Ciconiiformes,Ardeidae,Ixobrychus,Australian Little Bittern,noIssue,VIC
Corangamite,118216,376,urn:lsid:biodiversity.org.au:afd.taxon:c90b9912-b34b-456c-a466-0e7edce43eac,Threskiornis spinicollis,Animalia,Chordata,1938,118216,0.01639372,3.090578847,Threskiornis spinicollis,"(Jameson, 1835)",species,taxonIdMatch,Chordata,Aves,Ciconiiformes,Threskiornithidae,Threskiornis,Straw-necked Ibis,noIssue,VIC
Corio,148606,317,urn:lsid:biodiversity.org.au:afd.taxon:897586dc-cade-4f83-86c4-fddaf357d256,Epthianura albifrons,Animalia,Chordata,1170,148606,0.007873168,2.680055302,Epthianura (Epthianura) albifrons,"(Jardine & Selby, 1828)",species,taxonIdMatch,Chordata,Aves,Passeriformes,Meliphagidae,Epthianura,White-fronted Chat,noIssue,VIC
Cowan,4230,100,urn:lsid:biodiversity.org.au:afd.taxon:9ee6c8e8-ee96-44de-b715-2656ceb7d2eb,Ninox novaeseelandiae,Animalia,Chordata,33,4230,0.007801418,7.840416521,Ninox (Ninox) novaeseelandiae boobook,"(Latham, 1801)",subspecies,taxonIdMatch,Chordata,Aves,Strigiformes,Strigidae,Ninox,Southern Boobook,noIssue,WA
Cowper,117343,640,urn:lsid:biodiversity.org.au:afd.taxon:2e0b8093-273f-4291-80f7-d99d15a84bbd,Ardenna pacifica,Animalia,Chordata,595,117343,0.005070605,4.134400024,Ardenna pacifica,"(Gmelin, 1789)",species,taxonIdMatch,Chordata,Aves,Procellariiformes,Procellariidae,Ardenna,Wedge-tailed Shearwater,noIssue,NSW
Cunningham,105694,393,urn:lsid:biodiversity.org.au:afd.taxon:702795be-d490-47d3-9a2a-37aec5d43af9,Ptilonorhynchus violaceus,Animalia,Chordata,2109,105694,0.019953829,3.669028912,Ptilonorhynchus violaceus,"(Vieillot, 1816)",species,taxonIdMatch,Chordata,Aves,Passeriformes,Ptilonorhynchidae,Ptilonorhynchus,Satin Bowerbird,noIssue,NSW
Curtin,53704,280,urn:lsid:biodiversity.org.au:afd.taxon:decc8626-8424-4ffc-8d2e-474b316453a9,Nycticorax caledonicus,Animalia,Chordata,618,53704,0.011507523,6.968718305,Nycticorax caledonicus,"(Gmelin, 1789)",species,taxonIdMatch,Chordata,Aves,Ciconiiformes,Ardeidae,Nycticorax,Nankeen night heron,noIssue,WA
Dawson,42222,557,urn:lsid:biodiversity.org.au:afd.taxon:29f2f727-146d-42bd-a752-1e06abb32567,Dendrocygna eytoni,Animalia,Chordata,345,42222,0.008171096,4.280040068,Dendrocygna (Leptotarsis) eytoni,"(Eyton, 1838)",species,taxonIdMatch,Chordata,Aves,Anseriformes,Anatidae,Dendrocygna,Grey Whistler,noIssue,QLD
Deakin,17988,173,urn:lsid:biodiversity.org.au:afd.taxon:89c4827f-8dc7-4578-bb15-9f7e6e1764e6,Podargus strigoides,Animalia,Chordata,397,17988,0.022070269,5.856742084,Podargus strigoides,"(Latham, 1801)",species,taxonIdMatch,Chordata,Aves,Caprimulgiformes,Podargidae,Podargus,Tawny Frogmouth,noIssue,VIC
Dickson,174301,395,urn:lsid:biodiversity.org.au:afd.taxon:486b871c-47d6-4b3b-8044-22abbfc6e255,Turnix pyrrhothorax,Animalia,Chordata,45,174301,0.000258174,2.221572162,Turnix pyrrhothorax,"(Gould, 1841)",species,taxonIdMatch,Chordata,Aves,Turniciformes,Turnicidae,Turnix,Red-chested Button-quail,noIssue,QLD
Dobell,43348,412,urn:lsid:biodiversity.org.au:afd.taxon:b2bf49cd-3e0d-4b13-9315-670adfddeba7,Litoria peronii,Animalia,Chordata,1720,43348,0.039678878,8.885145268,Litoria peronii,"(Tschudi, 1838)",species,taxonIdMatch,Chordata,Amphibia,Anura,Hylidae,Litoria,Peron's Tree Frog,noIssue,NSW
Dunkley,14527,229,urn:lsid:biodiversity.org.au:afd.taxon:0f7abf35-bf5c-4184-a10f-3567e4e82f55,Saproscincus mustelinus,Animalia,Chordata,14,14527,0.000963723,3.934100794,Saproscincus mustelinus,"(O'Shaughnessy, 1874)",species,taxonIdMatch,Chordata,Reptilia,Squamata,Scincidae,Saproscincus,Weasel Skink,noIssue,VIC
Durack,211539,820,urn:lsid:biodiversity.org.au:afd.taxon:75801261-975f-436f-b1c7-d395a06dc067,Circus assimilis,Animalia,Chordata,445,211539,0.002103631,5.639968745,Circus assimilis,"Jardine & Selby, 1828",species,taxonIdMatch,Chordata,Aves,Falconiformes,Accipitridae,Circus,Spotted Harrier,noIssue,WA
Eden-Monaro,135384,631,urn:lsid:biodiversity.org.au:afd.taxon:e079f94d-3d7f-4deb-ae29-053fec4d1b53,Vombatus ursinus,Animalia,Chordata,1895,135384,0.013997223,5.429141601,Vombatus ursinus,"(Shaw, 1800)",species,taxonIdMatch,Chordata,Mammalia,Diprotodontia,Vombatidae,Vombatus,Common Wombat,noIssue,NSW
Fadden,32932,333,urn:lsid:biodiversity.org.au:afd.taxon:6e718a65-6fec-44ec-a09a-ab2a0f2d464b,Gallinago hardwickii,Animalia,Chordata,158,32932,0.004797765,3.61630204,Gallinago (Gallinago) hardwickii,"(J.E. Gray, 1831)",species,taxonIdMatch,Chordata,Aves,Charadriiformes,Scolopacidae,Gallinago,Latham's Snipe,noIssue,QLD
Fairfax,60548,418,urn:lsid:biodiversity.org.au:afd.taxon:025b08d1-0e50-4723-b581-9be91d8d09ed,Rhipidura rufifrons,Animalia,Chordata,421,60548,0.006953161,2.979473651,Rhipidura (Howeavis) rufifrons,"(Latham, 1801)",species,taxonIdMatch,Chordata,Aves,Passeriformes,Rhipiduridae,Rhipidura,Rufous Fantail,noIssue,QLD
Farrer,132839,459,urn:lsid:biodiversity.org.au:afd.taxon:eb28b5f7-89b6-48d1-a9b1-02287fa9fc65,Crinia parinsignifera,Animalia,Chordata,2161,132839,0.016267813,6.300537072,Crinia parinsignifera,"Main, 1957",species,taxonIdMatch,Chordata,Amphibia,Anura,Myobatrachidae,Crinia,Eastern Sign-bearing Froglet,noIssue,NSW
Fenner,88859,374,urn:lsid:biodiversity.org.au:afd.taxon:e194765d-3b23-4fda-a1c7-860b6445fa70,Litoria verreauxii,Animalia,Chordata,77,88859,0.000866541,3.169759759,Litoria verreauxii verreauxii,"(Duméril, 1853)",subspecies,taxonIdMatch,Chordata,Amphibia,Anura,Hylidae,Litoria,Verreaux's Tree Frog,noIssue,ACT
Fisher,62522,463,urn:lsid:biodiversity.org.au:afd.taxon:44d3845a-930d-4523-8876-ca11fd6b6456,Mixophyes fasciolatus,Animalia,Chordata,333,62522,0.005326125,4.153436699,Mixophyes fasciolatus,"Günther, 1864",species,taxonIdMatch,Chordata,Amphibia,Anura,Myobatrachidae,Mixophyes,Great Barred Frog,noIssue,QLD
Flinders,46399,370,urn:lsid:biodiversity.org.au:afd.taxon:ce0c1289-1ba8-4565-8d74-70273db12059,Notolabrus tetricus,Animalia,Chordata,17,46399,0.000366387,2.372442873,Notolabrus tetricus,"(Richardson, 1840)",species,taxonIdMatch,Chordata,Actinopterygii,Perciformes,Labridae,Notolabrus,Blue-throated Wrasse,noIssue,VIC
Flynn,56724,881,urn:lsid:biodiversity.org.au:afd.taxon:04944a16-4ce1-44c5-a158-9857d9fb10a3,Notamacropus parryi,Animalia,Chordata,67,56724,0.001181158,3.656665638,Notamacropus parryi,"(Bennett, 1835)",species,taxonIdMatch,Chordata,Mammalia,Diprotodontia,Macropodidae,Notamacropus,Whiptail Wallaby,noIssue,QLD
Forde,39629,274,urn:lsid:biodiversity.org.au:afd.taxon:fa5feddf-ac78-4032-8b64-855de0baf06b,Ardea intermedia,Animalia,Chordata,452,39629,0.011405789,2.545687734,Ardea (Mesophoyx) intermedia,"Wagler, 1829",species,taxonIdMatch,Chordata,Aves,Ciconiiformes,Ardeidae,Ardea,Intermediate Egret,noIssue,QLD
Forrest,29351,326,urn:lsid:biodiversity.org.au:afd.taxon:1f13c782-e388-48b4-916c-d1aa2c96af58,Stipiturus malachurus,Animalia,Chordata,104,29351,0.003543321,3.970679698,Stipiturus malachurus,"(Shaw, 1798)",species,taxonIdMatch,Chordata,Aves,Passeriformes,Maluridae,Stipiturus,Southern Emu-wren,noIssue,WA
Fowler,1882,154,urn:lsid:biodiversity.org.au:afd.taxon:f2ecb3e3-a6e2-45cc-a986-716a69eec650,Chalinolobus gouldii,Animalia,Chordata,31,1882,0.016471838,5.202607403,Chalinolobus gouldii,"(J.E. Gray, 1841)",species,taxonIdMatch,Chordata,Mammalia,Chiroptera,Vespertilionidae,Chalinolobus,Gould's Wattled Bat,noIssue,NSW
Franklin,60207,215,urn:lsid:biodiversity.org.au:afd.taxon:0dae8cbd-54cc-4abd-a78d-4e24f359e136,Cacomantis pallidus,Animalia,Chordata,315,60207,0.00523195,5.846235731,Cacomantis (Vidgenia) pallidus,"(Latham, 1801)",species,taxonIdMatch,Chordata,Aves,Cuculiformes,Cuculidae,Cacomantis,Pallid Cuckoo,noIssue,TAS
Fraser,13934,167,urn:lsid:biodiversity.org.au:afd.taxon:8f1c6d04-ccf5-42d6-a969-6abfc5ca3887,Gallinula tenebrosa,Animalia,Chordata,506,13934,0.036314052,3.278804199,Gallinula (Gallinula) tenebrosa,"Gould, 1846",species,taxonIdMatch,Chordata,Aves,Gruiformes,Rallidae,Gallinula,Dusky Moorhen,noIssue,VIC
Fremantle,38031,360,urn:lsid:biodiversity.org.au:afd.taxon:89a74527-c98b-4ba7-a5ce-aad380861621,Tadorna tadornoides,Animalia,Chordata,805,38031,0.021166943,3.362218831,Tadorna (Casarca) tadornoides,"(Jardine & Selby, 1828)",species,taxonIdMatch,Chordata,Aves,Anseriformes,Anatidae,Tadorna,Australian Shelduck,noIssue,WA
Gellibrand,41982,249,urn:lsid:biodiversity.org.au:afd.taxon:75106fa7-7d65-4724-814d-dce6306c79d9,Calidris acuminata,Animalia,Chordata,366,41982,0.008718022,3.540538654,Calidris (Erolia) acuminata,"(Horsfield, 1821)",species,taxonIdMatch,Chordata,Aves,Charadriiformes,Scolopacidae,Calidris,Sharp-tailed Sandpiper,noIssue,VIC
Gilmore,195298,587,urn:lsid:biodiversity.org.au:afd.taxon:22772c0f-b270-447c-9063-557e7b411f1e,Myliobatis tenuicaudatus,Animalia,Chordata,724,195298,0.003707155,4.559705564,Myliobatis tenuicaudatus,"Hector, 1877",species,taxonIdMatch,Chordata,Chondrichthyes,Myliobatiformes,Myliobatidae,Myliobatis,Eagle Ray,noIssue,NSW
Gippsland,126267,489,urn:lsid:biodiversity.org.au:afd.taxon:69c8164e-e5ff-4d44-adef-6a8c50cd14cc,Tyto tenebricosa,Animalia,Chordata,134,126267,0.001061243,4.217645516,Tyto (Megastrix) tenebricosa,"(Gould, 1845)",species,taxonIdMatch,Chordata,Aves,Strigiformes,Tytonidae,Tyto,Sooty Owl,noIssue,VIC
Goldstein,9498,177,urn:lsid:biodiversity.org.au:afd.taxon:803a6245-e23d-444c-a2ac-4b8a09e69c3a,Thalasseus bergii,Animalia,Chordata,333,9498,0.035060013,6.45706268,Thalasseus bergii,"(Lichtenstein, 1823)",species,taxonIdMatch,Chordata,Aves,Charadriiformes,Laridae,Thalasseus,Crested Tern,noIssue,VIC
Gorton,2628,152,urn:lsid:biodiversity.org.au:afd.taxon:255f7bee-4487-4996-8e48-e7efb1631c2b,Aquila audax,Animalia,Chordata,28,2628,0.01065449,3.960876701,Aquila (Uroaetus) audax,"(Latham, 1801)",species,taxonIdMatch,Chordata,Aves,Falconiformes,Accipitridae,Aquila,Wedge-tailed Eagle,noIssue,VIC
Grayndler,3956,155,urn:lsid:biodiversity.org.au:afd.taxon:4507ef22-47ac-43ef-9b63-f1a72d2cbac2,Cryptoblepharus pulcher,Animalia,Chordata,11,3956,0.002780586,4.917868284,Cryptoblepharus pulcher,"(Sternfeld, 1918)",species,taxonIdMatch,Chordata,Reptilia,Squamata,Scincidae,Cryptoblepharus,Elegant Snake-eyed Skink,noIssue,NSW
Greenway,2863,180,urn:lsid:biodiversity.org.au:afd.taxon:c1d2d6c3-1123-4461-8c07-3254ea76f391,Pseudechis porphyriacus,Animalia,Chordata,25,2863,0.008732099,4.815603307,Pseudechis porphyriacus,"(Shaw, 1794)",species,taxonIdMatch,Chordata,Reptilia,Squamata,Elapidae,Pseudechis,Red-bellied Black Snake,noIssue,NSW
Grey,80804,644,urn:lsid:biodiversity.org.au:afd.taxon:c2056f1b-fcde-45b9-904b-1cab280368d1,Canis familiaris,Animalia,Chordata,316,80804,0.003910697,6.41133445,Canis familiaris,"Linnaeus, 1758",species,taxonIdMatch,Chordata,Mammalia,Carnivora,Canidae,Canis,Dingo,noIssue,SA
Griffith,35338,219,urn:lsid:biodiversity.org.au:afd.taxon:21686993-4d8f-4ae5-8f81-017c8528c6d5,Trichoglossus chlorolepidotus,Animalia,Chordata,975,35338,0.027590696,4.39725697,Trichoglossus chlorolepidotus,"(Kuhl, 1820)",species,taxonIdMatch,Chordata,Aves,Psittaciformes,Psittacidae,Trichoglossus,Scaly-breasted Lorikeet,noIssue,QLD
Groom,33831,315,urn:lsid:biodiversity.org.au:afd.taxon:89f22850-0aa0-4278-ad58-983de7f97890,Falco subniger,Animalia,Chordata,38,33831,0.00112323,4.722178455,Falco (Hierofalco) subniger,"G.R. Gray, 1843",species,taxonIdMatch,Chordata,Aves,Falconiformes,Falconidae,Falco,Black Falcon,noIssue,QLD
Hasluck,18569,223,urn:lsid:biodiversity.org.au:afd.taxon:408040fe-b68a-47bd-a138-a7e36e105ec6,Smicrornis brevirostris,Animalia,Chordata,304,18569,0.016371372,2.816706755,Smicrornis brevirostris,"(Gould, 1838)",species,taxonIdMatch,Chordata,Aves,Passeriformes,Acanthizidae,Smicrornis,Weebill,noIssue,WA
Hawke,31321,260,urn:lsid:biodiversity.org.au:afd.taxon:5d5c0a59-3720-4682-b54e-cf15acc9cdd4,Acanthiza chrysorrhoa,Animalia,Chordata,497,31321,0.015867948,2.602878467,Acanthiza (Geobasileus) chrysorrhoa,"(Quoy & Gaimard, 1830)",species,taxonIdMatch,Chordata,Aves,Passeriformes,Acanthizidae,Acanthiza,Yellow-rumped Thornbill,noIssue,VIC
Herbert,106689,561,urn:lsid:biodiversity.org.au:afd.taxon:37848309-72eb-4d28-aea3-686a939b19c8,Cacomantis variolosus,Animalia,Chordata,844,106689,0.007910844,5.746120519,Cacomantis (Cacomantis) variolosus,"(Vigors & Horsfield, 1827)",species,taxonIdMatch,Chordata,Aves,Cuculiformes,Cuculidae,Cacomantis,Brush Cuckoo,noIssue,QLD
Higgins,13628,107,urn:lsid:biodiversity.org.au:afd.taxon:285bf48d-0b9b-4575-aec9-60b7d05483e8,Anthochaera carunculata,Animalia,Chordata,1111,13628,0.081523334,4.370716276,Anthochaera (Anthochaera) carunculata,"(Shaw, 1790)",species,taxonIdMatch,Chordata,Aves,Passeriformes,Meliphagidae,Anthochaera,Red wattlebird,noIssue,VIC
Hindmarsh,12457,229,urn:lsid:biodiversity.org.au:afd.taxon:c3c32804-1bf0-4ff2-9205-d5695b2c34f8,Anas rhynchotis,Animalia,Chordata,22,12457,0.001766075,5.467609552,Anas (Spatula) rhynchotis,"Latham, 1801",species,taxonIdMatch,Chordata,Aves,Anseriformes,Anatidae,Anas,Australasian Shoveler,noIssue,SA
Hinkler,61274,403,urn:lsid:biodiversity.org.au:afd.taxon:4d70c7c0-1d4a-41c5-90d4-93871cbf2a3c,Ardea ibis,Animalia,Chordata,681,61274,0.011114012,3.766917119,Ardea (Bubulcus) ibis,"Linnaeus, 1758",species,taxonIdMatch,Chordata,Aves,Ciconiiformes,Ardeidae,Ardea,Cattle Egret,noIssue,QLD
Holt,18996,227,urn:lsid:biodiversity.org.au:afd.taxon:685363d2-4934-4c18-a286-e7ce31c51c46,Amphibolurus muricatus,Animalia,Chordata,80,18996,0.004211413,6.777096553,Amphibolurus muricatus,"(White, 1790)",species,taxonIdMatch,Chordata,Reptilia,Squamata,Agamidae,Amphibolurus,Jacky Lizard,noIssue,VIC
Hotham,20658,125,urn:lsid:biodiversity.org.au:afd.taxon:7c098cc6-618e-44f7-b921-42170d4c7277,Corvus mellori,Animalia,Chordata,1927,20658,0.093281053,3.970072562,Corvus mellori,"Mathews, 1912",species,taxonIdMatch,Chordata,Aves,Passeriformes,Corvidae,Corvus,Little Raven,noIssue,VIC
Hughes,38093,417,urn:lsid:biodiversity.org.au:afd.taxon:9fbbee99-1f81-4c4d-9d8f-ac5cb9670fa5,Ceyx azureus,Animalia,Chordata,191,38093,0.005014045,4.075639894,Ceyx azureus,"(Latham, 1801)",species,taxonIdMatch,Chordata,Aves,Coraciiformes,Alcedinidae,Ceyx,Azure Kingfisher,noIssue,NSW
Hume,102194,430,urn:lsid:biodiversity.org.au:afd.taxon:27172a17-3602-4041-813b-550a92d3076c,Litoria lesueuri,Animalia,Chordata,41,102194,0.000401198,3.132307334,Litoria lesueuri,"(Duméril & Bibron, 1841)",species,taxonIdMatch,Chordata,Amphibia,Anura,Hylidae,Litoria,Lesueur's Frog,noIssue,NSW
Hunter,52874,454,urn:lsid:biodiversity.org.au:afd.taxon:ff331787-ecbd-4e17-87d5-79b910d20b0d,Ctenotus robustus,Animalia,Chordata,88,52874,0.001664334,6.473232838,Ctenotus robustus,"Storr, 1970",species,taxonIdMatch,Chordata,Reptilia,Squamata,Scincidae,Ctenotus,Robust Ctenotus,noIssue,NSW
Indi,125662,377,urn:lsid:biodiversity.org.au:afd.taxon:18a3adb5-3ffd-4396-a0f5-0f6b3edd75cf,Neophema pulchella,Animalia,Chordata,365,125662,0.002904617,4.309346161,Neophema (Neophema) pulchella,"(Shaw, 1792)",species,taxonIdMatch,Chordata,Aves,Psittaciformes,Psittacidae,Neophema,Turquoise Parrot,noIssue,VIC
Isaacs,53752,220,urn:lsid:biodiversity.org.au:afd.taxon:2ba93200-2c16-431b-bf4d-d42a31325afb,Poliocephalus poliocephalus,Animalia,Chordata,758,53752,0.014101801,3.338479685,Poliocephalus poliocephalus,"(Jardine & Selby, 1827)",species,taxonIdMatch,Chordata,Aves,Podicipediformes,Podicipedidae,Poliocephalus,Hoary-headed Grebe,noIssue,VIC
Jagajaga,51016,222,urn:lsid:biodiversity.org.au:afd.taxon:ef4a8336-a90b-4cdc-ae86-3842b3ec9da6,Phaps chalcoptera,Animalia,Chordata,992,51016,0.01944488,3.637981397,Phaps (Phaps) chalcoptera,"(Latham, 1790)",species,taxonIdMatch,Chordata,Aves,Columbiformes,Columbidae,Phaps,Common Bronzewing,noIssue,VIC
Kennedy,323748,937,urn:lsid:biodiversity.org.au:afd.taxon:4634c6ac-56df-4b9f-870f-c83bd008a933,Coracina lineata,Animalia,Chordata,937,323748,0.002894226,4.445543604,Coracina (Paragraucalus) lineata,"(Swainson, 1825)",species,taxonIdMatch,Chordata,Aves,Passeriformes,Campephagidae,Coracina,Barred Cuckoo-shrike,noIssue,QLD
Kingsford Smith,30579,452,urn:lsid:biodiversity.org.au:afd.taxon:e28d168c-8bb2-4367-9a29-2d4d858fb0da,Puffinus huttoni,Animalia,Chordata,29,30579,0.000948363,4.44859457,Puffinus (Puffinus) huttoni,"Mathews, 1912",species,taxonIdMatch,Chordata,Aves,Procellariiformes,Procellariidae,Puffinus,Hutton's shearwater,noIssue,NSW
Kingston,14113,257,urn:lsid:biodiversity.org.au:afd.taxon:afb3f913-5924-4a98-b3ae-5b2541029af5,Elseyornis melanops,Animalia,Chordata,139,14113,0.009849075,3.837026882,Elseyornis melanops,"(Vieillot, 1818)",species,taxonIdMatch,Chordata,Aves,Charadriiformes,Charadriidae,Elseyornis,Black-fronted Dotterel,noIssue,SA
Kooyong,11252,146,urn:lsid:biodiversity.org.au:afd.taxon:e20dc2c3-52d2-4ef3-a5df-fb23df4d6f81,Pardalotus punctatus,Animalia,Chordata,255,11252,0.022662638,2.893349689,Pardalotus (Pardalotus) punctatus,"(Shaw, 1792)",species,taxonIdMatch,Chordata,Aves,Passeriformes,Pardalotidae,Pardalotus,Spotted Pardalote,noIssue,VIC
La Trobe,31236,278,urn:lsid:biodiversity.org.au:afd.taxon:77929aae-e7de-48dd-aac9-ba1080d28783,Myiagra cyanoleuca,Animalia,Chordata,71,31236,0.002273018,3.697189342,Myiagra (Myiagra) cyanoleuca,"(Vieillot, 1818)",species,taxonIdMatch,Chordata,Aves,Passeriformes,Monarchidae,Myiagra,Satin Flycatcher,noIssue,VIC
Lalor,95905,260,urn:lsid:biodiversity.org.au:afd.taxon:f01d2520-d55e-441d-89a4-33323ee5f0b8,Ardea modesta,Animalia,Chordata,544,95905,0.00567228,6.324665479,Ardea (Casmerodius) modesta,"J.E. Gray, 1831",species,taxonIdMatch,Chordata,Aves,Ciconiiformes,Ardeidae,Ardea,Eastern Great Egret,noIssue,VIC
Leichhardt,220322,1083,urn:lsid:biodiversity.org.au:afd.taxon:b32dd368-fb45-433d-aeaa-f1e1c847d583,Cuculus optatus,Animalia,Chordata,206,220322,0.000934995,3.709381351,Cuculus (Cuculus) optatus,"Gould, 1845",species,taxonIdMatch,Chordata,Aves,Cuculiformes,Cuculidae,Cuculus,Oriental Cuckoo,noIssue,QLD
Lilley,95662,321,urn:lsid:biodiversity.org.au:afd.taxon:fa3d9d47-342d-490c-ab0e-1f36d9290539,Dendrocygna arcuata,Animalia,Chordata,686,95662,0.007171082,3.909483164,Dendrocygna (Dendrocygna) arcuata,"(Horsfield, 1824)",species,taxonIdMatch,Chordata,Aves,Anseriformes,Anatidae,Dendrocygna,Whistling Duck,noIssue,QLD
Lindsay,25785,312,urn:lsid:biodiversity.org.au:afd.taxon:28b46d5d-ac30-4417-8d8a-4131b4661ca1,Turnix varius,Animalia,Chordata,26,25785,0.001008338,2.997775816,Turnix (Austroturnix) varius,"(Latham, 1801)",species,taxonIdMatch,Chordata,Aves,Turniciformes,Turnicidae,Turnix,Painted Button-quail,noIssue,NSW
Lingiari,220579,699,urn:lsid:biodiversity.org.au:afd.taxon:7103c645-a2d8-4a68-91c9-5c8b3e957c40,Isoodon macrourus,Animalia,Chordata,2453,220579,0.011120732,5.468586076,Isoodon macrourus,"(Gould, 1842)",species,taxonIdMatch,Chordata,Mammalia,Peramelemorphia,Peramelidae,Isoodon,Northern Brown Bandicoot,noIssue,NT
Longman,62799,376,urn:lsid:biodiversity.org.au:afd.taxon:abf9ee40-02a1-4a66-95fa-318994c6415d,Gelochelidon nilotica,Animalia,Chordata,660,62799,0.010509721,4.082884966,Gelochelidon nilotica,"(Gmelin, 1789)",species,taxonIdMatch,Chordata,Aves,Charadriiformes,Laridae,Gelochelidon,Gull-billed Tern,noIssue,QLD
Lyne,141563,640,urn:lsid:biodiversity.org.au:afd.taxon:a700ca1f-a686-4b2b-9168-5edef5dd7505,Aegotheles cristatus,Animalia,Chordata,618,141563,0.004365547,6.278677125,Aegotheles (Aegotheles) cristatus,"(Shaw, 1790)",species,taxonIdMatch,Chordata,Aves,Apodiformes,Aegothelidae,Aegotheles,Australian Owlet-nightjar,noIssue,NSW
Lyons,46513,267,urn:lsid:biodiversity.org.au:afd.taxon:1afa6fd9-1413-4d9f-99b4-0078690685d5,Petroica phoenicea,Animalia,Chordata,297,46513,0.006385312,3.419492238,Petroica (Littlera) phoenicea,"Gould, 1837",species,taxonIdMatch,Chordata,Aves,Passeriformes,Petroicidae,Petroica,Flame Robin,noIssue,TAS
Macarthur,18145,287,urn:lsid:biodiversity.org.au:afd.taxon:3f12e573-a7b7-45e7-a6e4-aeae9bc3a9ed,Lathamus discolor,Animalia,Chordata,446,18145,0.024579774,7.650994613,Lathamus discolor,"(Shaw, 1790)",species,taxonIdMatch,Chordata,Aves,Psittaciformes,Psittacidae,Lathamus,Swift Parrot,noIssue,NSW
Mackellar,38014,473,urn:lsid:biodiversity.org.au:afd.taxon:577a1f99-221a-42d5-957e-ccf2752ab032,Ixobrychus flavicollis,Animalia,Chordata,59,38014,0.00155206,4.179095563,Ixobrychus flavicollis,"(Latham, 1790)",species,taxonIdMatch,Chordata,Aves,Ciconiiformes,Ardeidae,Ixobrychus,Black Bittern,noIssue,NSW
Macnamara,62290,189,urn:lsid:biodiversity.org.au:afd.taxon:60221177-d785-44e5-9adb-a7914a148e3f,Chroicocephalus novaehollandiae,Animalia,Chordata,2588,62290,0.0415476,2.73251776,Chroicocephalus novaehollandiae,"(Stephens, 1826)",species,taxonIdMatch,Chordata,Aves,Charadriiformes,Laridae,Chroicocephalus,Silver Gull,noIssue,VIC
Macquarie,117194,409,urn:lsid:biodiversity.org.au:afd.taxon:2f83aaa8-ddcb-487b-852d-2262d0c84e3c,Acanthorhynchus tenuirostris,Animalia,Chordata,2349,117194,0.020043688,3.168697533,Acanthorhynchus tenuirostris,"(Latham, 1801)",species,taxonIdMatch,Chordata,Aves,Passeriformes,Meliphagidae,Acanthorhynchus,Eastern Spinebill,noIssue,NSW
Makin,15505,219,urn:lsid:biodiversity.org.au:afd.taxon:c548926f-ecea-4644-ba8a-31dd297a8f30,Erythrogonys cinctus,Animalia,Chordata,149,15505,0.009609803,5.644157,Erythrogonys cinctus,"Gould, 1838",species,taxonIdMatch,Chordata,Aves,Charadriiformes,Charadriidae,Erythrogonys,Red-kneed Dotterel,noIssue,SA
Mallee,177707,429,urn:lsid:biodiversity.org.au:afd.taxon:13c9b51f-8871-4f0f-a92e-af293fbe3f3d,Artamus superciliosus,Animalia,Chordata,922,177707,0.005188316,3.831052002,Artamus (Campbellornis) superciliosus,"(Gould, 1837)",species,taxonIdMatch,Chordata,Aves,Passeriformes,Artamidae,Artamus,White-browed woodswallow,noIssue,VIC
Maranoa,220133,581,urn:lsid:biodiversity.org.au:afd.taxon:9c61de92-e676-4f81-9776-1ed46f54abe6,Cincloramphus mathewsi,Animalia,Chordata,1428,220133,0.006486987,4.536786328,Cincloramphus (Maclennania) mathewsi,"Iredale, 1911",species,taxonIdMatch,Chordata,Aves,Passeriformes,Megaluridae,Cincloramphus,Rufous Songlark,noIssue,QLD
Maribyrnong,19513,182,urn:lsid:biodiversity.org.au:afd.taxon:364d0d4b-e986-45af-b5da-bb372a3ad39c,Falco peregrinus,Animalia,Chordata,68,19513,0.003484856,3.501203021,Falco (Hierofalco) peregrinus,"Tunstall, 1771",species,taxonIdMatch,Chordata,Aves,Falconiformes,Falconidae,Falco,Peregrine Falcon,noIssue,VIC
Mayo,96092,508,urn:lsid:biodiversity.org.au:afd.taxon:a581c303-95b9-4e2f-8fdc-103e394dd85f,Antechinus flavipes,Animalia,Chordata,627,96092,0.006524997,5.346305598,Antechinus flavipes,"(Waterhouse, 1838)",species,taxonIdMatch,Chordata,Mammalia,Dasyuromorphia,Dasyuridae,Antechinus,Yellow-footed Antechinus,noIssue,SA
McEwen,45613,289,urn:lsid:biodiversity.org.au:afd.taxon:bef86559-7ee3-4c5c-bfdb-bf3c4672157e,Melithreptus lunatus,Animalia,Chordata,376,45613,0.008243264,3.332911306,Melithreptus (Melithreptus) lunatus,"(Vieillot, 1802)",species,taxonIdMatch,Chordata,Aves,Passeriformes,Meliphagidae,Melithreptus,White-naped Honeyeater,noIssue,VIC
McMahon,2133,181,urn:lsid:biodiversity.org.au:afd.taxon:06427f10-505d-4e77-8bf1-1fa84e6c2a20,Elanus axillaris,Animalia,Chordata,18,2133,0.008438819,4.366040329,Elanus axillaris,"(Latham, 1801)",species,taxonIdMatch,Chordata,Aves,Falconiformes,Accipitridae,Elanus,Black-shouldered Kite,noIssue,NSW
McPherson,15439,301,urn:lsid:biodiversity.org.au:afd.taxon:57c1c493-3e22-4951-a2fc-220274e13a17,Pseudophryne coriacea,Animalia,Chordata,19,15439,0.00123065,2.450396896,Pseudophryne coriacea,"Keferstein, 1868",species,taxonIdMatch,Chordata,Amphibia,Anura,Myobatrachidae,Pseudophryne,Red-backed Toadlet,noIssue,QLD
Melbourne,74737,201,urn:lsid:biodiversity.org.au:afd.taxon:a4f93d48-9922-4376-8a0d-7c8ef2a47bb1,Tachybaptus novaehollandiae,Animalia,Chordata,1060,74737,0.014183069,2.154526526,Tachybaptus novaehollandiae,"(Stephens, 1826)",species,taxonIdMatch,Chordata,Aves,Podicipediformes,Podicipedidae,Tachybaptus,Australasian Little Grebe,noIssue,VIC
Menzies,19545,204,urn:lsid:biodiversity.org.au:afd.taxon:ac61fd14-4950-4566-b384-304bd99ca75f,Ornithorhynchus anatinus,Animalia,Chordata,40,19545,0.002046559,5.301746599,Ornithorhynchus anatinus,"(Shaw, 1799)",species,taxonIdMatch,Chordata,Mammalia,Monotremata,Ornithorhynchidae,Ornithorhynchus,Platypus,noIssue,VIC
Mitchell,7035,245,urn:lsid:biodiversity.org.au:afd.taxon:456ed144-b510-4662-a740-1cd1ef867752,Lopholaimus antarcticus,Animalia,Chordata,30,7035,0.004264392,2.456169264,Lopholaimus antarcticus,"(Shaw, 1793)",species,taxonIdMatch,Chordata,Aves,Columbiformes,Columbidae,Lopholaimus,Topknot Pigeon,noIssue,NSW
Monash,97472,411,urn:lsid:biodiversity.org.au:afd.taxon:220c0740-72c0-405d-8927-f8d5619288b6,Gadopsis marmoratus,Animalia,Chordata,23,97472,0.000235965,2.412772728,Gadopsis marmoratus,"Richardson, 1848",species,taxonIdMatch,Chordata,Actinopterygii,Perciformes,Percichthyidae,Gadopsis,River Blackfish,noIssue,VIC
Moncrieff,12874,228,urn:lsid:biodiversity.org.au:afd.taxon:755d948d-8b77-4f9b-8f96-d4856c551d7d,Hirundo neoxena,Animalia,Chordata,478,12874,0.037129097,2.603759244,Hirundo (Hirundo) neoxena,"Gould, 1843",species,taxonIdMatch,Chordata,Aves,Passeriformes,Hirundinidae,Hirundo,Welcome Swallow,noIssue,QLD
Moore,14882,266,urn:lsid:biodiversity.org.au:afd.taxon:2851357e-d9d1-4cde-a3c2-ec4e1bee60a4,Falco longipennis,Animalia,Chordata,113,14882,0.007593065,6.574940103,Falco (Falco) longipennis,"Swainson, 1838",species,taxonIdMatch,Chordata,Aves,Falconiformes,Falconidae,Falco,Australian Hobby,noIssue,WA
Moreton,132841,285,urn:lsid:biodiversity.org.au:afd.taxon:551fc21d-f1a5-4c14-a9e3-9e2e293183af,Concinnia martini,Animalia,Chordata,19,132841,0.000143028,2.33088233,Concinnia martini,"(Wells & Wellington, 1985)",species,taxonIdMatch,Chordata,Reptilia,Squamata,Scincidae,Concinnia,Dark Barsided Skink,noIssue,QLD
New England,142377,548,urn:lsid:biodiversity.org.au:afd.taxon:11cdbcd5-d7d1-4207-9a2e-80509bf70e41,Litoria wilcoxii,Animalia,Chordata,127,142377,0.000891998,4.260810801,Litoria wilcoxii,"Günther, 1864",species,taxonIdMatch,Chordata,Amphibia,Anura,Hylidae,Litoria,Wilcox's Frog,noIssue,NSW
Newcastle,37967,348,urn:lsid:biodiversity.org.au:afd.taxon:ba17b534-ec3d-4ec3-8f9a-6c2c79ad4459,Limosa limosa,Animalia,Chordata,131,37967,0.003450365,4.396837794,Limosa limosa,"(Linnaeus, 1758)",species,taxonIdMatch,Chordata,Aves,Charadriiformes,Scolopacidae,Limosa,Black-tailed Godwit,noIssue,NSW
Nicholls,89653,324,urn:lsid:biodiversity.org.au:afd.taxon:63045651-60a2-4cfe-9e47-09378ac83196,Acanthiza reguloides,Animalia,Chordata,757,89653,0.008443666,3.400536331,Acanthiza (Geobasileus) reguloides,"Vigors & Horsfield, 1827",species,taxonIdMatch,Chordata,Aves,Passeriformes,Acanthizidae,Acanthiza,Buff-rumped Thornbill,noIssue,VIC
North Sydney,10950,266,urn:lsid:biodiversity.org.au:afd.taxon:9baa55f2-69c1-486c-91f7-f96e58b7c945,Hydromys chrysogaster,Animalia,Chordata,85,10950,0.007762557,10.05338197,Hydromys chrysogaster,"Geoffroy, 1804",species,taxonIdMatch,Chordata,Mammalia,Rodentia,Muridae,Hydromys,Rakali / Water Rat,noIssue,NSW
O'Connor,97174,515,urn:lsid:biodiversity.org.au:afd.taxon:fb2711ca-71a0-478b-b6f3-2b4ded21bdec,Parvipsitta porphyrocephala,Animalia,Chordata,1201,97174,0.012359273,5.383430955,Parvipsitta porphyrocephala,"(Dietrichsen, 1837)",species,taxonIdMatch,Chordata,Aves,Psittaciformes,Psittacidae,Parvipsitta,Purple-crowned Lorikeet,noIssue,WA
Oxley,33248,249,urn:lsid:biodiversity.org.au:afd.taxon:7613c3e0-edf7-4326-98fe-d6c342bcdb88,Parvipsitta pusilla,Animalia,Chordata,179,33248,0.005383782,3.384704464,Parvipsitta pusilla,"(Shaw, 1790)",species,taxonIdMatch,Chordata,Aves,Psittaciformes,Psittacidae,Parvipsitta,Little Lorikeet,noIssue,QLD
Page,65871,726,urn:lsid:biodiversity.org.au:afd.taxon:f8712e3e-3cdb-4d40-aebf-52fcd9cf75c7,Pteropus scapulatus,Animalia,Chordata,81,65871,0.001229676,5.525060887,Pteropus scapulatus,"Peters, 1862",species,taxonIdMatch,Chordata,Mammalia,Chiroptera,Pteropodidae,Pteropus,Little Red Flying-fox,noIssue,NSW
Parkes,240470,566,urn:lsid:biodiversity.org.au:afd.taxon:23f4784e-1116-482c-8e3e-b6b12733f588,Macropus giganteus,Animalia,Chordata,17269,240470,0.071813532,9.629272448,Macropus giganteus,"Shaw, 1790",species,taxonIdMatch,Chordata,Mammalia,Diprotodontia,Macropodidae,Macropus,Eastern Grey Kangaroo,noIssue,NSW
Parramatta,10848,207,urn:lsid:biodiversity.org.au:afd.taxon:82a2a76c-1669-4ddf-9fd7-d2589bc4f61d,Aviceda subcristata,Animalia,Chordata,32,10848,0.002949853,3.304551653,Aviceda (Aviceda) subcristata,"(Gould, 1838)",species,taxonIdMatch,Chordata,Aves,Falconiformes,Accipitridae,Aviceda,Pacific Baza,noIssue,NSW
Paterson,39419,647,urn:lsid:biodiversity.org.au:afd.taxon:680ad7a7-a5fc-4e69-872d-16f8711238ac,Neotrygon trigonoides,Animalia,Chordata,20,39419,0.00050737,3.70605927,Neotrygon trigonoides,"(Castelnau, 1873)",species,taxonIdMatch,Chordata,Chondrichthyes,Myliobatiformes,Dasyatidae,Neotrygon,Coral Sea Maskray,noIssue,NSW
Pearce,6848,196,urn:lsid:biodiversity.org.au:afd.taxon:5df8fe83-1398-4c70-95a2-f680813aaa7e,Calidris alba,Animalia,Chordata,21,6848,0.003066589,4.569298821,Calidris (Crocethia) alba,"(Pallas, 1764)",species,taxonIdMatch,Chordata,Aves,Charadriiformes,Scolopacidae,Calidris,Sanderling,noIssue,WA
Perth,28971,171,urn:lsid:biodiversity.org.au:afd.taxon:5f46e9da-17dd-4e0c-add0-79c61b9f616a,Crinia glauerti,Animalia,Chordata,3543,28971,0.122294709,3.307585894,Crinia glauerti,"Loveridge, 1933",species,taxonIdMatch,Chordata,Amphibia,Anura,Myobatrachidae,Crinia,Glauert's Froglet,noIssue,WA
Petrie,81309,298,urn:lsid:biodiversity.org.au:afd.taxon:65c2e940-484e-432b-95ab-930b44ed0287,Todiramphus sanctus,Animalia,Chordata,931,81309,0.011450147,2.926811088,Todiramphus (Todiramphus) sanctus,"(Vigors & Horsfield, 1827)",species,taxonIdMatch,Chordata,Aves,Coraciiformes,Alcedinidae,Todiramphus,Sacred Kingfisher,noIssue,QLD
Rankin,9891,226,urn:lsid:biodiversity.org.au:afd.taxon:2e224aea-d0de-4f29-909a-9b23859ccce7,Platyplectrum ornatum,Animalia,Chordata,340,9891,0.034374684,6.023986213,Platyplectrum ornatum,"(Gray, 1842)",species,taxonIdMatch,Chordata,Amphibia,Anura,Limnodynastidae,Platyplectrum,Ornate Burrowing Frog,noIssue,QLD
Reid,27856,250,urn:lsid:biodiversity.org.au:afd.taxon:d2ad67ce-3130-4e23-b4b6-e44c7d1b06d9,Hypotaenidia philippensis,Animalia,Chordata,26,27856,0.000933372,5.908452197,Hypotaenidia philippensis,"(Linnaeus, 1766)",species,taxonIdMatch,Chordata,Aves,Gruiformes,Rallidae,Hypotaenidia,Buff-banded Rail,noIssue,NSW
Richmond,91734,651,urn:lsid:biodiversity.org.au:afd.taxon:f85d574a-e3c9-4ba4-a91e-6c87efacd874,Sterna hirundo,Animalia,Chordata,377,91734,0.004109709,4.019341112,Sterna (Sterna) hirundo,"Linnaeus, 1758",species,taxonIdMatch,Chordata,Aves,Charadriiformes,Laridae,Sterna,Common Tern,noIssue,NSW
Riverina,73276,367,urn:lsid:biodiversity.org.au:afd.taxon:51dc6bc2-9165-4fc3-a374-1010ac3037d0,Polytelis swainsonii,Animalia,Chordata,928,73276,0.012664447,3.357089492,Polytelis swainsonii,"(Desmarest, 1826)",species,taxonIdMatch,Chordata,Aves,Psittaciformes,Psittacidae,Polytelis,Superb Parrot,noIssue,NSW
Robertson,17874,394,urn:lsid:biodiversity.org.au:afd.taxon:cdaae4b5-4a09-4986-8f7b-7cfdddbfc723,Haliaeetus leucogaster,Animalia,Chordata,226,17874,0.012644064,4.280038676,Haliaeetus (Pontoaetus) leucogaster,"(Gmelin, 1788)",species,taxonIdMatch,Chordata,Aves,Falconiformes,Accipitridae,Haliaeetus,White-bellied Sea Eagle,noIssue,NSW
Ryan,147381,377,urn:lsid:biodiversity.org.au:afd.taxon:6e764773-aa69-49fa-a120-815c6374f0da,Sericornis magnirostra,Animalia,Chordata,881,147381,0.005977704,2.551398427,Sericornis (Arfakornis) magnirostra,"(Gould, 1838)",species,taxonIdMatch,Chordata,Aves,Passeriformes,Acanthizidae,Sericornis,Large-billed Scrubwren,noIssue,QLD
Scullin,45190,217,urn:lsid:biodiversity.org.au:afd.taxon:1f56ceb3-2f8b-4817-8d21-fe3b3d448b29,Psephotus haematonotus,Animalia,Chordata,1703,45190,0.037685329,4.653778235,Psephotus (Psephotus) haematonotus,"(Gould, 1838)",species,taxonIdMatch,Chordata,Aves,Psittaciformes,Psittacidae,Psephotus,Red-rumped Parrot,noIssue,VIC
Shortland,18706,481,urn:lsid:biodiversity.org.au:afd.taxon:743cc7d8-b198-4c40-9421-6c66ef173db0,Rhabdosargus sarba,Animalia,Chordata,37,18706,0.001977975,4.128772169,Rhabdosargus sarba,"(Forsskål, 1775)",species,taxonIdMatch,Chordata,Actinopterygii,Perciformes,Sparidae,Rhabdosargus,Goldlined Seabream,noIssue,NSW
Solomon,76070,317,urn:lsid:biodiversity.org.au:afd.taxon:698f5cfc-4b81-4ed3-aebd-750d1f86a573,Apus pacificus,Animalia,Chordata,133,76070,0.00174839,6.640064307,Apus (Apus) pacificus,"(Latham, 1801)",species,taxonIdMatch,Chordata,Aves,Apodiformes,Apodidae,Apus,Fork-tailed swift,noIssue,NT
Spence,5401,236,urn:lsid:biodiversity.org.au:afd.taxon:63253b4c-c74c-4da3-8487-ad7202bd2b39,Haematopus fuliginosus,Animalia,Chordata,61,5401,0.011294205,4.340611399,Haematopus fuliginosus,"Gould, 1845",species,taxonIdMatch,Chordata,Aves,Charadriiformes,Haematopodidae,Haematopus,sooty oystercatcher,noIssue,SA
Sturt,9277,170,urn:lsid:biodiversity.org.au:afd.taxon:417895d7-610a-4255-b1fd-60a55e39c1dc,Eulamprus quoyii,Animalia,Chordata,74,9277,0.007976717,5.633276522,Eulamprus quoyii,"(Duméril & Bibron, 1839)",species,taxonIdMatch,Chordata,Reptilia,Squamata,Scincidae,Eulamprus,Eastern Water-skink,noIssue,SA
Swan,16690,181,urn:lsid:biodiversity.org.au:afd.taxon:fd74a66c-2566-4a49-b46a-8a2a1699f594,Plegadis falcinellus,Animalia,Chordata,142,16690,0.008508089,3.673853517,Plegadis falcinellus,"(Linnaeus, 1766)",species,taxonIdMatch,Chordata,Aves,Ciconiiformes,Threskiornithidae,Plegadis,Glossy Ibis,noIssue,WA
Sydney,22348,269,urn:lsid:biodiversity.org.au:afd.taxon:369f9944-49c6-4673-a988-1d0d759c9d6b,Onychoprion fuscata,Animalia,Chordata,119,22348,0.005324861,5.636846758,Onychoprion fuscata,"(Linnaeus, 1766)",species,taxonIdMatch,Chordata,Aves,Charadriiformes,Laridae,Onychoprion,Sooty Tern,noIssue,NSW
Tangney,11927,206,urn:lsid:biodiversity.org.au:afd.taxon:1fdd7319-339b-4786-b555-74ebbefe6e2b,Sternula nereis,Animalia,Chordata,126,11927,0.010564266,4.183909191,Sternula nereis,"(Gould, 1843)",species,taxonIdMatch,Chordata,Aves,Charadriiformes,Laridae,Sternula,Fairy Tern,noIssue,WA
Wannon,117369,461,urn:lsid:biodiversity.org.au:afd.taxon:ceaf58f0-17df-468e-8f34-b4892145df3b,Neophema chrysostoma,Animalia,Chordata,414,117369,0.003527337,4.114194788,Neophema (Neonanodes) chrysostoma,"(Kuhl, 1820)",species,taxonIdMatch,Chordata,Aves,Psittaciformes,Psittacidae,Neophema,Blue-winged Parrot,noIssue,VIC
Warringah,32916,609,urn:lsid:biodiversity.org.au:afd.taxon:00b1b9a2-70c9-45be-8019-9c7fd755afc8,Trichosurus vulpecula,Animalia,Chordata,2990,32916,0.090837283,10.81151918,Trichosurus vulpecula,"(Kerr, 1792)",species,taxonIdMatch,Chordata,Mammalia,Diprotodontia,Phalangeridae,Trichosurus,Common Brushtail Possum,noIssue,NSW
Watson,3677,165,urn:lsid:biodiversity.org.au:afd.taxon:82f18b82-bc29-4847-83bc-eb94f72843ae,Lampropholis delicata,Animalia,Chordata,14,3677,0.003807452,6.134082655,Lampropholis delicata,"(De Vis, 1888)",species,taxonIdMatch,Chordata,Reptilia,Squamata,Scincidae,Lampropholis,Dark-flecked Garden Sunskink,noIssue,NSW
Wentworth,38672,319,urn:lsid:biodiversity.org.au:afd.taxon:48bfffd8-f058-49e3-ab1a-f72689d4f8df,Phalacrocorax carbo,Animalia,Chordata,756,38672,0.019549028,5.040704067,Phalacrocorax (Phalacrocorax) carbo,"(Linnaeus, 1758)",species,taxonIdMatch,Chordata,Aves,Pelecaniformes,Phalacrocoracidae,Phalacrocorax,Great Cormorant,noIssue,NSW
Werriwa,1709,195,urn:lsid:biodiversity.org.au:afd.taxon:f6edc452-91de-4ab0-9cf6-49ca23b82995,Lophoictinia isura,Animalia,Chordata,12,1709,0.00702165,7.121438737,Lophoictinia isura,"(Gould, 1838)",species,taxonIdMatch,Chordata,Aves,Falconiformes,Accipitridae,Lophoictinia,Square-tailed Kite,noIssue,NSW
Whitlam,79145,414,urn:lsid:biodiversity.org.au:afd.taxon:4fce5374-4678-4b2d-b94e-bb9a49d6ed50,Ctenotus taeniolatus,Animalia,Chordata,90,79145,0.001137153,3.425269949,Ctenotus taeniolatus,"(White, 1790)",species,taxonIdMatch,Chordata,Reptilia,Squamata,Scincidae,Ctenotus,Copper-tailed Skink,noIssue,NSW
Wide Bay,86463,522,urn:lsid:biodiversity.org.au:afd.taxon:6e0479cb-78dc-409e-a4f4-b53bc659aefa,Litoria caerulea,Animalia,Chordata,300,86463,0.003469692,3.07229994,Litoria caerulea,"(White, 1790)",species,taxonIdMatch,Chordata,Amphibia,Anura,Hylidae,Litoria,Green Tree Frog,noIssue,QLD
Wills,18109,161,urn:lsid:biodiversity.org.au:afd.taxon:5da8abb3-75e5-460a-933d-c0918d49dc11,Accipiter cirrocephalus,Animalia,Chordata,74,18109,0.004086366,4.729845288,Accipiter (Paraspizias) cirrocephalus,"(Vieillot, 1817)",species,taxonIdMatch,Chordata,Aves,Falconiformes,Accipitridae,Accipiter,Collared Sparrowhawk,noIssue,VIC
Wright,115080,450,urn:lsid:biodiversity.org.au:afd.taxon:50f5fe4b-a8a3-46f9-9c61-47443c294cc2,Sericornis citreogularis,Animalia,Chordata,966,115080,0.008394161,3.886110299,Sericornis (Sericornis) citreogularis,"Gould, 1838",species,taxonIdMatch,Chordata,Aves,Passeriformes,Acanthizidae,Sericornis,Yellow-throated Scrubwren,noIssue,QLD