"taxonConceptID","count","electorate","electorate_spp","electorate_sum","z_species","z_electorate","z_sum","rank","phylum","class","order","family","species","vernacular_name","state"
"urn:lsid:biodiversity.org.au:afd.taxon:ad0892cf-8c75-45f2-9af5-dc1cf86194b0",15,"Adelaide",1060,20005,0.992245287004766,1.30168259714441,2.29392788414917,"species","Chordata","Actinopterygii","Perciformes","Eleotridae","Philypnodon grandiceps","Flathead Gudgeon","SA"
"urn:lsid:biodiversity.org.au:afd.taxon:106a7d9b-dbf8-428f-8ac0-95d545a9dc44",21,"Aston",1382,56622,0.843576102296534,3.19932512414186,4.0429012264384,"species","Chordata","Aves","Gruiformes","Rallidae","Lewinia pectoralis","Lewin's Rail","VIC"
"urn:lsid:biodiversity.org.au:afd.taxon:77929aae-e7de-48dd-aac9-ba1080d28783",54,"Ballarat",2075,97395,1.43532446003102,3.09403201376857,4.52935647379959,"species","Chordata","Aves","Passeriformes","Monarchidae","Myiagra cyanoleuca","Satin Flycatcher","VIC"
"urn:lsid:biodiversity.org.au:afd.taxon:31ee79a4-1139-4c4e-b9e8-fcd21ac69d5b",58,"Banks",686,18492,0.101065119164574,3.31263209310759,3.41369721227217,"species","Chordata","Aves","Pelecaniformes","Phalacrocoracidae","Phalacrocorax varius","Pied Cormorant","NSW"
"urn:lsid:biodiversity.org.au:afd.taxon:e0f62784-decc-4b24-81b6-555c55589eed",19,"Barker",2877,82089,1.93341378806827,2.64532731848644,4.57874110655471,"species","Chordata","Reptilia","Squamata","Scincidae","Lerista bougainvillii","South-eastern Slider","SA"
"urn:lsid:biodiversity.org.au:afd.taxon:b2bf49cd-3e0d-4b13-9315-670adfddeba7",69,"Barton",615,18483,0.616502428480741,2.53985011296636,3.1563525414471,"species","Chordata","Amphibia","Anura","Hylidae","Litoria peronii","Peron's Tree Frog","NSW"
"urn:lsid:biodiversity.org.au:afd.taxon:ba624e08-5847-4c34-96cf-c3b414f00117",33,"Bass",1794,14700,0.0606304774627911,3.70835894747268,3.76898942493547,"species","Chordata","Aves","Charadriiformes","Scolopacidae","Calidris ruficollis","Red-necked Stint","TAS"
"urn:lsid:biodiversity.org.au:afd.taxon:72e91e1a-63eb-488c-95d5-f4dd467b7fe8",256,"Bean",1315,146449,0.89969158885842,3.5165147114086,4.41620630026702,"species","Chordata","Aves","Passeriformes","Acanthizidae","Aphelocephala leucopsis","Southern Whiteface","ACT"
"urn:lsid:biodiversity.org.au:afd.taxon:ac2de3ed-ffb5-4792-b765-0331102d3238",445,"Bendigo",1171,88372,1.55072339771444,2.86797547828828,4.41869887600272,"species","Chordata","Amphibia","Anura","Limnodynastidae","Limnodynastes tasmaniensis","Spotted Grass Frog","VIC"
"urn:lsid:biodiversity.org.au:afd.taxon:d33f5b1c-df22-42ea-9347-58f229a53054",33,"Bennelong",975,15297,0.0258951536172369,2.72916900203167,2.7550641556489,"species","Chordata","Amphibia","Anura","Hylidae","Litoria fallax","Eastern Dwarf Tree Frog","NSW"
"urn:lsid:biodiversity.org.au:afd.taxon:261f11a9-8780-4ece-a929-ba3bb6ac4382",186,"Berowra",1161,19125,0.757078113436849,2.35313098343564,3.11020909687249,"species","Chordata","Aves","Passeriformes","Acanthizidae","Gerygone mouki","Brown Gerygone","NSW"
"urn:lsid:biodiversity.org.au:afd.taxon:025b08d1-0e50-4723-b581-9be91d8d09ed",273,"Blair",2379,106272,1.11220828359678,3.45431909099154,4.56652737458832,"species","Chordata","Aves","Passeriformes","Rhipiduridae","Rhipidura rufifrons","Rufous Fantail","QLD"
"urn:lsid:biodiversity.org.au:afd.taxon:2634171f-c9e7-4f4a-9774-35ec20210765",85,"Blaxland",1425,7000,-1.11182422350777,1.42171814297946,0.309893919471694,"species","Chordata","Aves","Passeriformes","Rhipiduridae","Rhipidura leucophrys","Willie Wagtail","NSW"
"urn:lsid:biodiversity.org.au:afd.taxon:e43380b0-e34a-4bd3-996d-8c8dfdb10a3e",2813,"Bonner",2122,141359,1.20099118662134,3.3260663672955,4.52705755391684,"species","Chordata","Aves","Passeriformes","Meliphagidae","Lichmera indistincta","Brown Honeyeater","QLD"
"urn:lsid:biodiversity.org.au:afd.taxon:e4cb55f5-5a18-48c5-85e7-800be09c953e",60,"Boothby",1558,12831,2.00253455591372,2.52471957791114,4.52725413382486,"species","Chordata","Reptilia","Squamata","Gekkonidae","Christinus marmoratus","Marbled Gecko","SA"
"urn:lsid:biodiversity.org.au:afd.taxon:cdaae4b5-4a09-4986-8f7b-7cfdddbfc723",506,"Bowman",1596,54404,1.16324063551461,3.37179272317851,4.53503335869312,"species","Chordata","Aves","Falconiformes","Accipitridae","Haliaeetus leucogaster","white-bellied sea-eagle","QLD"
"urn:lsid:biodiversity.org.au:afd.taxon:7662aa0a-d690-473e-949b-111446433e14",192,"Braddon",2086,56359,1.56928858961531,2.86544023529797,4.43472882491328,"species","Chordata","Aves","Charadriiformes","Charadriidae","Vanellus tricolor","Banded Lapwing","TAS"
"urn:lsid:biodiversity.org.au:afd.taxon:b2930e11-70cd-4c03-8fa1-f06fec607cac",36,"Bradfield",1500,17168,1.10644795061932,2.63419361443951,3.74064156505883,"species","Chordata","Mammalia","Chiroptera","Vespertilionidae","Vespadelus vulturnus","Little Forest Bat","NSW"
"urn:lsid:biodiversity.org.au:afd.taxon:920b5569-aa29-4311-9f33-13bac4512b1d",25,"Brand",680,10502,0.546548151794338,3.11829848350635,3.66484663530069,"species","Chordata","Aves","Charadriiformes","Scolopacidae","Actitis hypoleucos","Common Sandpiper","WA"
"urn:lsid:biodiversity.org.au:afd.taxon:497a87d6-0d10-4baa-8c96-9b0e684b0a52",634,"Brisbane",1043,23453,0.648537870662927,2.63680961728966,3.28534748795259,"species","Chordata","Aves","Passeriformes","Oriolidae","Sphecotheres vieilloti","Australasian Figbird","QLD"
"urn:lsid:biodiversity.org.au:afd.taxon:f01d2520-d55e-441d-89a4-33323ee5f0b8",18,"Bruce",785,15188,0.734261334348135,1.98050147951512,2.71476281386325,"species","Chordata","Aves","Ciconiiformes","Ardeidae","Ardea modesta","Eastern Great Egret","VIC"
"urn:lsid:biodiversity.org.au:afd.taxon:5b444966-4c12-4cd3-ad12-a4537746e902",373,"Burt",458,6334,1.47466464752016,2.50385075665455,3.97851540417472,"species","Chordata","Amphibia","Anura","Hylidae","Litoria moorei","Moore's Frog","WA"
"urn:lsid:biodiversity.org.au:afd.taxon:7e891f26-c72e-4b29-98db-1cd10c4eaa6d",120,"Calare",2123,112336,1.18652853273681,3.99351892294055,5.18004745567736,"species","Chordata","Mammalia","Diprotodontia","Pseudocheiridae","Petauroides volans","Greater Glider","NSW"
"urn:lsid:biodiversity.org.au:afd.taxon:2f6104f3-8fc4-4622-840d-331dbd19defc",179,"Calwell",885,16348,0.79871894658185,3.64329562504821,4.44201457163006,"species","Chordata","Aves","Passeriformes","Artamidae","Artamus cyanopterus","Dusky Woodswallow","VIC"
"urn:lsid:biodiversity.org.au:afd.taxon:9baa55f2-69c1-486c-91f7-f96e58b7c945",109,"Canberra",2235,250008,2.62721052239239,3.16079399409488,5.78800451648727,"species","Chordata","Mammalia","Rodentia","Muridae","Hydromys chrysogaster","Water-rat","ACT"
"urn:lsid:biodiversity.org.au:afd.taxon:09643354-9293-4eed-a252-b797a8076e51",451,"Canning",904,39225,1.2089079685574,2.87800870224953,4.08691667080692,"species","Chordata","Aves","Ciconiiformes","Ardeidae","Egretta garzetta","Little Egret","WA"
"urn:lsid:biodiversity.org.au:afd.taxon:8e407974-a2d8-4ee0-a05f-5c956d6cfad8",79,"Capricornia",2237,52093,0.409926330711882,3.12903174885556,3.53895807956744,"species","Chordata","Aves","Charadriiformes","Charadriidae","Charadrius ruficapillus","Red-capped Dotterel","QLD"
"urn:lsid:biodiversity.org.au:afd.taxon:a33e7ff0-913f-43c5-8b37-40ab03b0f3d6",68,"Casey",3171,89804,1.90780192175838,1.70368349103146,3.61148541278984,"species","Chordata","Reptilia","Squamata","Scincidae","Anepischetosia maccoyi","Highlands Forest-skink","VIC"
"urn:lsid:biodiversity.org.au:afd.taxon:d14f5c5b-117a-4138-910a-f954cee75390",36,"Chifley",422,2947,-0.475608138511835,2.26493322413481,1.78932508562298,"species","Chordata","Aves","Psittaciformes","Psittacidae","Platycercus eximius","Eastern Rosella","NSW"
"urn:lsid:biodiversity.org.au:afd.taxon:1cc98443-ce0f-47fd-a47e-912a3272bd71",183,"Chisholm",1225,83077,0.929210636800314,2.10415580883764,3.03336644563795,"species","Chordata","Aves","Falconiformes","Accipitridae","Accipiter fasciatus","Brown Goshawk","VIC"
"urn:lsid:biodiversity.org.au:afd.taxon:0f520c9b-90ac-4a0b-bc2e-800b4f5a2665",970,"Clark",2112,30488,0.458097747976934,2.81964410366689,3.27774185164382,"species","Chordata","Aves","Passeriformes","Maluridae","Malurus cyaneus","Superb Fairy-wren","TAS"
"urn:lsid:biodiversity.org.au:afd.taxon:73df0898-150d-464b-8748-6383268fbb5e",184,"Cook",1420,30207,2.10709266497623,3.00932745092824,5.11642011590447,"species","Chordata","Actinopterygii","Perciformes","Cheilodactylidae","Cheilodactylus fuscus","Red Morwong","NSW"
"urn:lsid:biodiversity.org.au:afd.taxon:009f885b-605a-4f07-9679-b7c12b7ef387",313,"Cooper",1045,32227,0.097955824081014,3.16672642595954,3.26468225004055,"species","Chordata","Aves","Ciconiiformes","Ardeidae","Egretta novaehollandiae","White-faced Heron","VIC"
"urn:lsid:biodiversity.org.au:afd.taxon:fbef87a7-34cc-4eca-9c32-b951c51c840c",1357,"Corangamite",1768,104429,1.44941444725801,3.35377202233053,4.80318646958854,"species","Chordata","Aves","Anseriformes","Anatidae","Anas castanea","Chestnut Teal","VIC"
"urn:lsid:biodiversity.org.au:afd.taxon:fa188c0e-68ba-4b3f-8e8f-48734608c7d1",480,"Corio",1756,125396,1.89813616098531,2.7410235231056,4.63915968409092,"species","Chordata","Aves","Charadriiformes","Scolopacidae","Calidris ferruginea","Curlew Sandpiper","VIC"
"urn:lsid:biodiversity.org.au:afd.taxon:0446dbe0-12c9-4a5e-a65b-b0b59c673089",305,"Cowan",281,4043,1.56219903823684,0.244711863991343,1.80691090222818,"species","Chordata","Amphibia","Anura","Myobatrachidae","Crinia insignifera","Sign-bearing Froglet","WA"
"urn:lsid:biodiversity.org.au:afd.taxon:21464fca-984c-4103-ab72-5f6e9e7d5a2b",52,"Cowper",5103,125576,2.54326998459001,2.37164522633893,4.91491521092894,"species","Chordata","Aves","Falconiformes","Accipitridae","Pandion cristatus","Eastern Osprey","NSW"
"urn:lsid:biodiversity.org.au:afd.taxon:3c1baf33-4255-44cc-bd41-b660b96994ad",965,"Cunningham",1734,91356,1.5904535230163,2.05000120112391,3.64045472414021,"species","Chordata","Aves","Passeriformes","Acanthizidae","Acanthiza nana","Yellow Thornbill","NSW"
"urn:lsid:biodiversity.org.au:afd.taxon:89c4827f-8dc7-4578-bb15-9f7e6e1764e6",397,"Curtin",1102,53216,1.43757630371358,2.83551247196839,4.27308877568198,"species","Chordata","Aves","Caprimulgiformes","Podargidae","Podargus strigoides","Tawny Frogmouth","WA"
"urn:lsid:biodiversity.org.au:afd.taxon:6229886b-b945-4372-af53-08c17455f75b",181,"Dawson",2264,38580,0.723337189230253,2.69933558206396,3.42267277129421,"species","Chordata","Aves","Passeriformes","Hirundinidae","Petrochelidon ariel","Fairy Martin","QLD"
"urn:lsid:biodiversity.org.au:afd.taxon:7c098cc6-618e-44f7-b921-42170d4c7277",557,"Deakin",1717,21698,0.293447830252733,2.49061368725731,2.78406151751005,"species","Chordata","Aves","Passeriformes","Corvidae","Corvus mellori","Little Raven","VIC"
"urn:lsid:biodiversity.org.au:afd.taxon:fa5feddf-ac78-4032-8b64-855de0baf06b",514,"Dickson",3352,172435,1.34152725321352,3.59285437532221,4.93438162853573,"species","Chordata","Aves","Ciconiiformes","Ardeidae","Ardea intermedia","Intermediate Egret","QLD"
"urn:lsid:biodiversity.org.au:afd.taxon:21205690-54fd-452a-9772-d3e1f8780dff",114,"Dobell",1185,41895,1.16891440048915,2.90494682293059,4.07386122341974,"species","Chordata","Aves","Apodiformes","Apodidae","Hirundapus caudacutus","White-throated Needletail","NSW"
"urn:lsid:biodiversity.org.au:afd.taxon:48bfffd8-f058-49e3-ab1a-f72689d4f8df",66,"Dunkley",1722,15974,-0.126625275280364,2.66488195748506,2.53825668220469,"species","Chordata","Aves","Pelecaniformes","Phalacrocoracidae","Phalacrocorax carbo","Great Cormorant","VIC"
"urn:lsid:biodiversity.org.au:afd.taxon:b7a453b6-716e-4ba2-9e89-1f4b71abddef",632,"Durack",3633,199152,1.8616566982362,3.19027099354934,5.05192769178554,"species","Chordata","Aves","Psittaciformes","Cacatuidae","Nymphicus hollandicus","Cockatiel","WA"
"urn:lsid:biodiversity.org.au:afd.taxon:5c085a07-f936-40ee-a777-bed9ab89ae06",245,"Eden-Monaro",3849,127488,2.59573015315445,2.91466761156275,5.5103977647172,"species","Chordata","Aves","Strigiformes","Strigidae","Ninox novaeseelandiae","Southern Boobook","NSW"
"urn:lsid:biodiversity.org.au:afd.taxon:da8e2ea0-44a8-46a5-9fa4-c5b286e12417",394,"Fadden",786,30601,0.791902686133892,2.6963839652541,3.488286651388,"species","Chordata","Aves","Pelecaniformes","Anhingidae","Anhinga novaehollandiae","Australasian Darter","QLD"
"urn:lsid:biodiversity.org.au:afd.taxon:37848309-72eb-4d28-aea3-686a939b19c8",65,"Fairfax",3249,65847,0.553639260609626,3.78279138298991,4.33643064359953,"species","Chordata","Aves","Cuculiformes","Cuculidae","Cacomantis variolosus","Brush Cuckoo","QLD"
"urn:lsid:biodiversity.org.au:afd.taxon:44fbaf1a-a7ef-4780-8693-d342ee3aa88e",34,"Farrer",1409,119240,1.77591053543656,3.07865718094899,4.85456771638555,"species","Chordata","Aves","Struthioniformes","Struthionidae","Struthio camelus","Ostrich","NSW"
"urn:lsid:biodiversity.org.au:afd.taxon:51dc6bc2-9165-4fc3-a374-1010ac3037d0",631,"Fenner",1321,70820,1.16235964852019,2.01485102753413,3.17721067605432,"species","Chordata","Aves","Psittaciformes","Psittacidae","Polytelis swainsonii","Superb Parrot","ACT"
"urn:lsid:biodiversity.org.au:afd.taxon:ed51c485-a41a-4e01-9eb9-b14267e25dff",773,"Fisher",5316,101494,0.852682936970932,3.04527763437691,3.89796057134784,"species","Chordata","Aves","Passeriformes","Acanthizidae","Sericornis frontalis","White-browed Scrubwren","QLD"
"urn:lsid:biodiversity.org.au:afd.taxon:bef86559-7ee3-4c5c-bfdb-bf3c4672157e",203,"Flinders",2110,42296,0.981244681322215,3.36188780125458,4.34313248257679,"species","Chordata","Aves","Passeriformes","Meliphagidae","Melithreptus lunatus","White-naped Honeyeater","VIC"
"urn:lsid:biodiversity.org.au:afd.taxon:6e0479cb-78dc-409e-a4f4-b53bc659aefa",101,"Flynn",2834,54346,1.00536079861637,2.84624472411561,3.85160552273198,"species","Chordata","Amphibia","Anura","Hylidae","Litoria caerulea","Green Tree Frog","QLD"
"urn:lsid:biodiversity.org.au:afd.taxon:f526df7e-2fcf-4096-a594-53eff19f898a",98,"Forde",816,36633,0.459198777037051,2.72511052486539,3.18430930190244,"species","Chordata","Aves","Passeriformes","Acanthizidae","Gerygone levigaster","Mangrove Gerygone","QLD"
"urn:lsid:biodiversity.org.au:afd.taxon:32efa9de-77cd-4bc5-9ac0-562902d03933",39,"Forrest",1392,29653,1.4851889806907,2.72634919572591,4.21153817641661,"species","Chordata","Aves","Procellariiformes","Procellariidae","Pterodroma mollis","Soft-plumaged Petrel","WA"
"urn:lsid:biodiversity.org.au:afd.taxon:f2ecb3e3-a6e2-45cc-a986-716a69eec650",31,"Fowler",299,1877,0.914770596580033,-0.524170636203627,0.390599960376406,"species","Chordata","Mammalia","Chiroptera","Vespertilionidae","Chalinolobus gouldii","Gould's Wattled Bat","NSW"
"urn:lsid:biodiversity.org.au:afd.taxon:52149285-a12a-4085-a285-b41af5ba3ce3",30,"Franklin",2427,57116,1.57158549953649,2.47947189152784,4.05105739106433,"species","Chordata","Mammalia","Dasyuromorphia","Dasyuridae","Dasyurus viverrinus","Eastern Quoll","TAS"
"urn:lsid:biodiversity.org.au:afd.taxon:2ba93200-2c16-431b-bf4d-d42a31325afb",47,"Fraser",734,12111,-0.0351175832792421,3.77339549586251,3.73827791258326,"species","Chordata","Aves","Podicipediformes","Podicipedidae","Poliocephalus poliocephalus","Hoary-headed Grebe","VIC"
"urn:lsid:biodiversity.org.au:afd.taxon:6e0e413a-e59c-413b-9d16-3d20b1bab707",40,"Fremantle",1309,37002,1.08994254510467,2.75308360371787,3.84302614882254,"species","Chordata","Mammalia","Diprotodontia","Macropodidae","Setonix brachyurus","Quokka","WA"
"urn:lsid:biodiversity.org.au:afd.taxon:0444dfa9-d504-4480-8b4a-a5763a046001",983,"Gellibrand",624,35018,1.00050509241812,3.52908445971316,4.52958955213128,"species","Chordata","Aves","Passeriformes","Meliphagidae","Phylidonyris novaehollandiae","New Holland Honeyeater","VIC"
"urn:lsid:biodiversity.org.au:afd.taxon:284a0855-14f4-4da8-9fdc-b53009b65796",725,"Gilmore",3434,173466,2.87814600096205,1.91011276241881,4.78825876338085,"species","Chordata","Mammalia","Diprotodontia","Petauridae","Petaurus breviceps","Sugar Glider","NSW"
"urn:lsid:biodiversity.org.au:afd.taxon:474949ae-5d6c-4d27-bc3b-dcd20db93e18",36,"Gippsland",4279,133932,3.92958000488082,1.91569356579921,5.84527357068003,"species","Chordata","Actinopterygii","Anguilliformes","Anguillidae","Anguilla australis","shortfin eel","VIC"
"urn:lsid:biodiversity.org.au:afd.taxon:fc7c3638-388e-4e66-b036-2d0a41e7a784",359,"Goldstein",1547,10648,0.0987133290792222,2.34774284898609,2.44645617806531,"species","Chordata","Aves","Pelecaniformes","Phalacrocoracidae","Microcarbo melanoleucos","Little Pied Cormorant","VIC"
"urn:lsid:biodiversity.org.au:afd.taxon:51c700dd-d2c3-4fb4-9d1f-2728bf2e302f",75,"Gorton",385,2328,1.50901448227275,1.43755787931448,2.94657236158723,"species","Chordata","Reptilia","Squamata","Pygopodidae","Delma impar","Many-lined Delma","VIC"
"urn:lsid:biodiversity.org.au:afd.taxon:60221177-d785-44e5-9adb-a7914a148e3f",117,"Grayndler",654,3991,-0.3155245359976,1.76663814017603,1.45111360417843,"species","Chordata","Aves","Charadriiformes","Laridae","Chroicocephalus novaehollandiae","Silver Gull","NSW"
"urn:lsid:biodiversity.org.au:afd.taxon:91c90b44-e9dd-4ce1-a4b5-37d60d59b859",65,"Greenway",500,2586,0.673577826701452,2.33340187672213,3.00697970342358,"species","Chordata","Aves","Psittaciformes","Psittacidae","Trichoglossus haematodus","Rainbow Lorikeet","NSW"
"urn:lsid:biodiversity.org.au:afd.taxon:f173137b-679e-4320-9576-35c3ec9037d0",17,"Grey",2426,68624,1.63004242457891,2.6929602476162,4.32300267219511,"species","Chordata","Reptilia","Squamata","Typhlopidae","Anilios bituberculatus","Prong-snouted Blind Snake","SA"
"urn:lsid:biodiversity.org.au:afd.taxon:21686993-4d8f-4ae5-8f81-017c8528c6d5",975,"Griffith",1284,33231,1.38056774775767,2.42166036148321,3.80222810924088,"species","Chordata","Aves","Psittaciformes","Psittacidae","Trichoglossus chlorolepidotus","Scaly-breasted Lorikeet","QLD"
"urn:lsid:biodiversity.org.au:afd.taxon:7613c3e0-edf7-4326-98fe-d6c342bcdb88",88,"Groom",1267,31100,0.768976947979004,2.73917674614139,3.50815369412039,"species","Chordata","Aves","Psittaciformes","Psittacidae","Parvipsitta pusilla","Little Lorikeet","QLD"
"urn:lsid:biodiversity.org.au:afd.taxon:9fa3d1ea-02e3-471d-b598-8761cbba9d3c",35,"Hasluck",1013,18364,0.600137688205803,2.85630617256543,3.45644386077123,"species","Chordata","Aves","Psittaciformes","Psittacidae","Platycercus icterotis","Western Rosella","WA"
"urn:lsid:biodiversity.org.au:afd.taxon:fb2711ca-71a0-478b-b6f3-2b4ded21bdec",242,"Hawke",1543,28913,1.39150463015575,2.33984319911438,3.73134782927013,"species","Chordata","Aves","Psittaciformes","Psittacidae","Parvipsitta porphyrocephala","Purple-crowned Lorikeet","VIC"
"urn:lsid:biodiversity.org.au:afd.taxon:ee3b26c0-1922-4225-ad8e-4d9f896cfc8e",1868,"Herbert",1755,101474,1.3736587817842,2.78252357804222,4.15618235982642,"species","Chordata","Aves","Passeriformes","Artamidae","Artamus leucorynchus","White-breasted Woodswallow","QLD"
"urn:lsid:biodiversity.org.au:afd.taxon:3fa8ae8c-23e1-4fe1-b3c5-312f6fb528ab",151,"Higgins",473,10321,-0.336798868598681,3.21566191119605,2.87886304259737,"species","Chordata","Aves","Gruiformes","Rallidae","Fulica atra","Eurasian Coot","VIC"
"urn:lsid:biodiversity.org.au:afd.taxon:b88430ed-f7d7-482e-a586-f0a02d8e11ce",12,"Hindmarsh",981,11827,2.23627537324901,1.84666872218078,4.08294409542979,"species","Chordata","Aves","Passeriformes","Megaluridae","Megalurus gramineus","Little Grassbird","SA"
"urn:lsid:biodiversity.org.au:afd.taxon:2851357e-d9d1-4cde-a3c2-ec4e1bee60a4",70,"Hinkler",1681,56925,0.691513684950586,2.68888149758782,3.38039518253841,"species","Chordata","Aves","Falconiformes","Falconidae","Falco longipennis","Australian Hobby","QLD"
"urn:lsid:biodiversity.org.au:afd.taxon:b6f829dd-0aef-4422-a3f6-77ff691aa9af",170,"Holt",1679,21778,0.894746234991791,2.82836560889457,3.72311184388636,"species","Chordata","Mammalia","Diprotodontia","Macropodidae","Wallabia bicolor","Swamp Wallaby","VIC"
"urn:lsid:biodiversity.org.au:afd.taxon:88df188e-fbc8-4220-82c1-d2fc03f2f83a",1953,"Hotham",1016,16420,0.79845413744493,2.38801756015217,3.1864716975971,"species","Chordata","Aves","Passeriformes","Meliphagidae","Manorina melanocephala","Noisy Miner","VIC"
"urn:lsid:biodiversity.org.au:afd.taxon:685363d2-4934-4c18-a286-e7ce31c51c46",31,"Hughes",1374,36740,0.9970666897384,3.59109182408694,4.58815851382534,"species","Chordata","Reptilia","Squamata","Agamidae","Amphibolurus muricatus","Jacky Lizard","NSW"
"urn:lsid:biodiversity.org.au:afd.taxon:f67d6bc2-c589-4954-a8bc-219f7dac0929",1094,"Hume",1780,88393,1.02664699417792,3.49022535471273,4.51687234889065,"species","Chordata","Aves","Passeriformes","Campephagidae","Coracina novaehollandiae","Black-faced cuckoo-shrike","NSW"
"urn:lsid:biodiversity.org.au:afd.taxon:83225d29-264f-4236-9dda-32f7d60fb3af",727,"Hunter",1292,48121,2.66389654307093,2.62505633246904,5.28895287553997,"species","Chordata","Aves","Passeriformes","Meliphagidae","Anthochaera phrygia","Regent Honeyeater","NSW"
"urn:lsid:biodiversity.org.au:afd.taxon:a293c570-af2b-4d37-b807-dfada59260a7",552,"Indi",2614,114404,1.18925451500297,3.02077869094789,4.21003320595086,"species","Chordata","Aves","Passeriformes","Acrocephalidae","Acrocephalus australis","Australian Reed Warbler","VIC"
"urn:lsid:biodiversity.org.au:afd.taxon:18ce1fc8-3045-4136-8a45-f5c94d2ef96f",15,"Isaacs",1698,47432,1.60958803227605,2.25959509656375,3.8691831288398,"species","Chordata","Actinopterygii","Perciformes","Sparidae","Acanthopagrus butcheri","yellow-finned bream","VIC"
"urn:lsid:biodiversity.org.au:afd.taxon:b75a8371-ee27-4f4e-9b09-4fa279e5c5f7",1075,"Jagajaga",1163,45820,1.5049402956887,2.53249881278352,4.03743910847222,"species","Chordata","Aves","Psittaciformes","Psittacidae","Glossopsitta concinna","Musk Lorikeet","VIC"
"urn:lsid:biodiversity.org.au:afd.taxon:03229bdf-31a4-4ada-aeb8-076e461fd602",224,"Kennedy",4417,305421,1.36222903678053,3.48379384536739,4.84602288214791,"species","Chordata","Aves","Anseriformes","Anatidae","Nettapus coromandelianus","Cotton Pygmy-goose","QLD"
"urn:lsid:biodiversity.org.au:afd.taxon:7b83b270-c1d1-4753-8aef-d5c4b9d3804b",37,"Kingsford Smith",1712,29144,1.84286739951968,2.38067828657874,4.22354568609842,"species","Chordata","Actinopterygii","Perciformes","Monodactylidae","Schuettea scalaripinnis","ladder-finned pomfret","NSW"
"urn:lsid:biodiversity.org.au:afd.taxon:2c50c2f6-7a0d-44e1-b549-458427b420c4",19,"Kingston",1077,13450,-0.164400040835919,3.3366629523418,3.17226291150588,"species","Chordata","Amphibia","Anura","Limnodynastidae","Limnodynastes dumerilii","Eastern Banjo Frog","SA"
"urn:lsid:biodiversity.org.au:afd.taxon:3aca9928-daf5-416d-a343-60e194b2c2c2",60,"Kooyong",855,10594,-0.229292526595242,2.53654159446817,2.30724906787293,"species","Chordata","Aves","Psittaciformes","Psittacidae","Alisterus scapularis","Australian King-parrot","VIC"
"urn:lsid:biodiversity.org.au:afd.taxon:291b43fb-26da-409c-aca7-5f4c5e2e9856",195,"La Trobe",1722,30293,0.699512010192671,3.21827086313862,3.91778287333129,"species","Chordata","Aves","Cuculiformes","Cuculidae","Cacomantis flabelliformis","Fan-tailed Cuckoo","VIC"
"urn:lsid:biodiversity.org.au:afd.taxon:f1a17af7-9855-4ca5-8573-e9fd3e1f57a9",45,"Lalor",569,85197,0.656846987899504,3.59474015432358,4.25158714222308,"species","Chordata","Aves","Charadriiformes","Scolopacidae","Calidris tenuirostris","Great Knot","VIC"
"urn:lsid:biodiversity.org.au:afd.taxon:242e9696-c125-4c1a-865d-85a00199cadf",1427,"Leichhardt",5544,206521,1.89857858179744,3.56417335995391,5.46275194175135,"species","Chordata","Aves","Charadriiformes","Scolopacidae","Limosa lapponica","Bar-tailed Godwit","QLD"
"urn:lsid:biodiversity.org.au:afd.taxon:3e3f32e7-1946-4a53-887b-aeaaf920537b",195,"Lilley",1440,90451,0.657440398141617,2.85479632619298,3.51223672433459,"species","Chordata","Aves","Cuculiformes","Cuculidae","Scythrops novaehollandiae","Channel-billed Cuckoo","QLD"
"urn:lsid:biodiversity.org.au:afd.taxon:c1d2d6c3-1123-4461-8c07-3254ea76f391",29,"Lindsay",728,22960,0.972659797183947,2.07958856169153,3.05224835887548,"species","Chordata","Reptilia","Squamata","Elapidae","Pseudechis porphyriacus","Red-bellied Black Snake","NSW"
"urn:lsid:biodiversity.org.au:afd.taxon:6c4cfe42-65cf-4538-81ac-8440fe7916b9",2458,"Lingiari",3000,206785,2.10284728669408,3.35484297388478,5.45769026057886,"species","Chordata","Aves","Psittaciformes","Cacatuidae","Cacatua sanguinea","Little Corella","NT"
"urn:lsid:biodiversity.org.au:afd.taxon:55d8f414-6423-4997-8610-2978cd084b4c",1469,"Longman",3389,71065,0.850932196628576,3.21905427443622,4.06998647106479,"species","Chordata","Aves","Charadriiformes","Charadriidae","Vanellus miles","Masked Lapwing","QLD"
"urn:lsid:biodiversity.org.au:afd.taxon:82f18b82-bc29-4847-83bc-eb94f72843ae",33,"Lyne",4411,151502,1.50198527296098,3.2022691046624,4.70425437762338,"species","Chordata","Reptilia","Squamata","Scincidae","Lampropholis delicata","Dark-flecked Garden Sunskink","NSW"
"urn:lsid:biodiversity.org.au:afd.taxon:42ff2e76-ee4c-4a84-ac4a-024896be875a",312,"Lyons",2887,46687,1.50811046769559,3.19175683408313,4.69986730177872,"species","Chordata","Aves","Pelecaniformes","Phalacrocoracidae","Phalacrocorax fuscescens","Black-faced Cormorant","TAS"
"urn:lsid:biodiversity.org.au:afd.taxon:b9b34bcf-4b63-4cd6-8d9f-2b9b6ad97936",11,"Macarthur",623,16056,1.21249217294306,1.12503860473839,2.33753077768145,"species","Chordata","Mammalia","Chiroptera","Molossidae","Micronomus norfolkensis","Eastern Freetail-bat","NSW"
"urn:lsid:biodiversity.org.au:afd.taxon:96e81ce0-ba02-4f33-b831-b598eece44a7",169,"Mackellar",2015,38316,1.34090480891229,2.77770151844857,4.11860632736086,"species","Chordata","Mammalia","Rodentia","Muridae","Rattus fuscipes","Bush Rat","NSW"
"urn:lsid:biodiversity.org.au:afd.taxon:decc8626-8424-4ffc-8d2e-474b316453a9",458,"Macnamara",1055,51159,1.99171759928962,2.38138928280901,4.37310688209863,"species","Chordata","Aves","Ciconiiformes","Ardeidae","Nycticorax caledonicus","Nankeen night heron","VIC"
"urn:lsid:biodiversity.org.au:afd.taxon:73375100-0957-49a5-94e8-ec0599a60dd0",92,"Macquarie",3086,113225,2.27010284600414,2.62375865820228,4.89386150420642,"species","Chordata","Reptilia","Squamata","Agamidae","Rankinia diemensis","Mountain Dragon","NSW"
"urn:lsid:biodiversity.org.au:afd.taxon:82bbd853-36e5-4813-9c9d-9be3b01d5965",93,"Makin",1039,14819,2.70014680766995,1.15904993656018,3.85919674423013,"species","Chordata","Aves","Gruiformes","Rallidae","Porphyrio porphyrio","Purple Swamphen","SA"
"urn:lsid:biodiversity.org.au:afd.taxon:bc413b0b-abd6-48c6-bc56-0606c18354db",592,"Mallee",2999,169916,1.64347280749009,3.53306478076636,5.17653758825645,"species","Chordata","Aves","Passeriformes","Pachycephalidae","Pachycephala inornata","Gilbert's Whistler","VIC"
"urn:lsid:biodiversity.org.au:afd.taxon:7f3f49fb-b2f3-4696-8207-c4d2ee769424",1517,"Maranoa",2900,199806,2.06114736716566,4.83486055568219,6.89600792284785,"species","Chordata","Aves","Passeriformes","Monarchidae","Myiagra inquieta","Restless Flycatcher","QLD"
"urn:lsid:biodiversity.org.au:afd.taxon:b77e1af2-85ec-4d71-b6ce-cb46608e1536",128,"Maribyrnong",674,15971,0.411871530977082,3.13873738909958,3.55060892007666,"species","Chordata","Aves","Passeriformes","Cisticolidae","Cisticola exilis","Golden-headed Cisticola","VIC"
"urn:lsid:biodiversity.org.au:afd.taxon:44f8629d-8ed7-447a-8657-b628b24added",175,"Mayo",3070,92405,2.76171466069483,3.4451359947869,6.20685065548173,"species","Chordata","Reptilia","Squamata","Scincidae","Lampropholis guichenoti","Pale-flecked Garden Sunskink","SA"
"urn:lsid:biodiversity.org.au:afd.taxon:891834b7-8219-4f43-abd6-b20a067253bb",766,"McEwen",1756,43923,0.932487390185714,2.33527156307349,3.2677589532592,"species","Chordata","Aves","Passeriformes","Meliphagidae","Caligavis chrysops","Yellow-faced Honeyeater","VIC"
"urn:lsid:biodiversity.org.au:afd.taxon:8169c034-7064-456c-a777-ce8ba705ea35",42,"McMahon",505,2201,-1.15000907575494,3.04878422222694,1.89877514647201,"species","Chordata","Aves","Passeriformes","Artamidae","Strepera graculina","Pied Currawong","NSW"
"urn:lsid:biodiversity.org.au:afd.taxon:4ee5e372-dd7c-4c03-acb8-0f041468db76",218,"McPherson",921,14397,-0.0211902220557562,3.28909673320498,3.26790651114923,"species","Chordata","Aves","Pelecaniformes","Phalacrocoracidae","Phalacrocorax sulcirostris","Little Black Cormorant","QLD"
"urn:lsid:biodiversity.org.au:afd.taxon:5da8abb3-75e5-460a-933d-c0918d49dc11",209,"Melbourne",1102,58508,1.6616764336895,2.56582102284969,4.22749745653919,"species","Chordata","Aves","Falconiformes","Accipitridae","Accipiter cirrocephalus","Collared Sparrowhawk","VIC"
"urn:lsid:biodiversity.org.au:afd.taxon:285bf48d-0b9b-4575-aec9-60b7d05483e8",612,"Menzies",1605,20386,0.32996360348328,2.04470059141967,2.37466419490295,"species","Chordata","Aves","Passeriformes","Meliphagidae","Anthochaera carunculata","Red wattlebird","VIC"
"urn:lsid:biodiversity.org.au:afd.taxon:417895d7-610a-4255-b1fd-60a55e39c1dc",20,"Mitchell",621,6593,0.53319910586167,2.96626044819993,3.4994595540616,"species","Chordata","Reptilia","Squamata","Scincidae","Eulamprus quoyii","Eastern Water-skink","NSW"
"urn:lsid:biodiversity.org.au:afd.taxon:a544d198-058f-43f6-b79d-108a812ae101",27,"Monash",3056,88692,1.11920211864455,3.1990172777592,4.31821939640375,"species","Chordata","Actinopterygii","Perciformes","Percichthyidae","Nannoperca australis","Southern Pigmy Perch","VIC"
"urn:lsid:biodiversity.org.au:afd.taxon:803a6245-e23d-444c-a2ac-4b8a09e69c3a",183,"Moncrieff",767,12375,0.306141668955748,3.30167270372783,3.60781437268358,"species","Chordata","Aves","Charadriiformes","Laridae","Thalasseus bergii","Crested Tern","QLD"
"urn:lsid:biodiversity.org.au:afd.taxon:fb435306-1f8a-4eb1-bb0e-d8d45d06c326",12,"Moore",673,14347,2.48327976647116,1.77772869170519,4.26100845817635,"species","Chordata","Actinopterygii","Tetraodontiformes","Aracanidae","Aracana aurita","Shaws Cowfish","WA"
"urn:lsid:biodiversity.org.au:afd.taxon:9e797cd8-e8a0-40ed-a2a6-6abecff8e21f",137,"Moreton",2934,139493,0.74545561575932,3.60307215824757,4.34852777400689,"species","Chordata","Aves","Charadriiformes","Burhinidae","Burhinus grallarius","Bush Stone-curlew","QLD"
"urn:lsid:biodiversity.org.au:afd.taxon:00b1b9a2-70c9-45be-8019-9c7fd755afc8",3173,"New England",3228,129468,2.8361047578699,2.36721971470784,5.20332447257774,"species","Chordata","Mammalia","Diprotodontia","Phalangeridae","Trichosurus vulpecula","Common Brushtail Possum","NSW"
"urn:lsid:biodiversity.org.au:afd.taxon:21ab21e4-5cd7-4e68-9268-1b6db1a9c3aa",344,"Newcastle",1479,36900,1.10886048273523,2.6719298289247,3.78079031165993,"species","Chordata","Aves","Charadriiformes","Scolopacidae","Numenius madagascariensis","Eastern curlew","NSW"
"urn:lsid:biodiversity.org.au:afd.taxon:8a42d117-54c1-4c26-8d2d-2d097e731c69",2284,"Nicholls",1795,80167,1.33343262406821,2.7480289095047,4.08146153357291,"species","Chordata","Aves","Passeriformes","Meliphagidae","Ptilotula penicillata","White-plumed Honeyeater","VIC"
"urn:lsid:biodiversity.org.au:afd.taxon:e8e1bff1-fc7f-47a4-80fe-52360fed6017",14,"North Sydney",1055,10786,1.91388200684884,2.48501461519089,4.39889662203973,"species","Chordata","Actinopterygii","Tetraodontiformes","Tetraodontidae","Tetractenos hamiltoni","Common Toadfish","NSW"
"urn:lsid:biodiversity.org.au:afd.taxon:597261d9-ba8a-499e-a83c-fa19f774a5a3",825,"O'Connor",2945,97020,2.03963599737127,2.52111972467711,4.56075572204839,"species","Chordata","Aves","Psittaciformes","Psittacidae","Neophema elegans","Elegant Parrot","WA"
"urn:lsid:biodiversity.org.au:afd.taxon:49a2d3a7-266e-400a-9167-fa73ef518e02",137,"Oxley",963,30974,0.0574182762936334,2.61829735855557,2.67571563484921,"species","Chordata","Aves","Passeriformes","Pachycephalidae","Pachycephala pectoralis","Golden Whistler","QLD"
"urn:lsid:biodiversity.org.au:afd.taxon:8db28e18-e424-4a04-b12f-f00e1256b136",27,"Page",5735,81547,2.05344658894143,3.15945686515722,5.21290345409865,"species","Chordata","Aves","Columbiformes","Columbidae","Chalcophaps indica","Emerald Dove","NSW"
"urn:lsid:biodiversity.org.au:afd.taxon:00a94dc7-fc59-4396-afe8-aecdf26389e2",75,"Parkes",1535,191670,2.02882217753852,3.17086536536003,5.19968754289855,"species","Chordata","Reptilia","Squamata","Diplodactylidae","Diplodactylus vittatus","Wood Gecko","NSW"
"urn:lsid:biodiversity.org.au:afd.taxon:d78e0837-9d10-4691-bc7d-90ea82260fa6",379,"Parramatta",545,10359,0.437514112059507,1.91025653167058,2.34777064373008,"species","Chordata","Aves","Passeriformes","Corvidae","Corvus coronoides","Australian Raven","NSW"
"urn:lsid:biodiversity.org.au:afd.taxon:680ad7a7-a5fc-4e69-872d-16f8711238ac",19,"Paterson",1616,34403,2.9119211671202,3.05753757614679,5.96945874326699,"species","Chordata","Chondrichthyes","Myliobatiformes","Dasyatidae","Neotrygon trigonoides","Coral Sea Maskray","NSW"
"urn:lsid:biodiversity.org.au:afd.taxon:232c168e-2460-481e-bfe0-5c32eadaded6",53,"Pearce",537,6796,0.352247561081333,2.90743520776617,3.25968276884751,"species","Chordata","Aves","Passeriformes","Meliphagidae","Phylidonyris niger","White-cheeked Honeyeater","WA"
"urn:lsid:biodiversity.org.au:afd.taxon:c54cb861-a0e4-4c41-9a69-7241d9a4fc21",628,"Perth",817,28376,0.345167575982336,3.13937062186226,3.48453819784459,"species","Chordata","Aves","Ciconiiformes","Threskiornithidae","Threskiornis moluccus","Australian White Ibis","WA"
"urn:lsid:biodiversity.org.au:afd.taxon:dfe138fb-ac1e-492b-ad0a-b47b3b273058",1027,"Petrie",1370,75352,0.707627489610016,3.1063938860481,3.81402137565811,"species","Chordata","Aves","Passeriformes","Rhipiduridae","Rhipidura albiscapa","Grey Fantail","QLD"
"urn:lsid:biodiversity.org.au:afd.taxon:f6edc452-91de-4ab0-9cf6-49ca23b82995",27,"Rankin",856,11170,0.500888766693448,2.00530482504535,2.5061935917388,"species","Chordata","Aves","Falconiformes","Accipitridae","Lophoictinia isura","Square-tailed Kite","QLD"
"urn:lsid:biodiversity.org.au:afd.taxon:0f1578f0-608d-4035-bdb0-640708b73d46",62,"Reid",817,26591,2.08192797984023,2.27307014283996,4.35499812268019,"species","Chordata","Aves","Charadriiformes","Recurvirostridae","Himantopus himantopus","Pied Stilt","NSW"
"urn:lsid:biodiversity.org.au:afd.taxon:8472dd02-e960-4c15-8b06-5e3156c7b0c0",12,"Richmond",3629,97363,2.33687602711629,3.4460674223633,5.78294344947959,"species","Chordata","Mammalia","Cetacea","Balaenopteridae","Megaptera novaeangliae","humpback whale","NSW"
"urn:lsid:biodiversity.org.au:afd.taxon:819ab778-a0c6-4b32-a676-b9d25ba6cc4e",874,"Riverina",913,61092,0.857783061635477,3.11562019141245,3.97340325304792,"species","Chordata","Aves","Passeriformes","Artamidae","Cracticus nigrogularis","Pied Butcherbird","NSW"
"urn:lsid:biodiversity.org.au:afd.taxon:6f6cb7fc-ce1d-4e82-93af-7f80cefc77ec",51,"Robertson",1674,18303,0.0566748689999719,2.4019567983144,2.45863166731437,"species","Chordata","Aves","Passeriformes","Menuridae","Menura novaehollandiae","Superb Lyrebird","NSW"
"urn:lsid:biodiversity.org.au:afd.taxon:4fa32dcd-7530-4236-8e94-2858ff48f605",797,"Ryan",2558,145839,1.1373680087267,3.72867263978903,4.86604064851573,"species","Chordata","Aves","Cuculiformes","Centropodidae","Centropus phasianinus","Pheasant Coucal","QLD"
"urn:lsid:biodiversity.org.au:afd.taxon:cfcc7058-47fa-4407-b0a0-e4246bea0368",86,"Scullin",371,36649,0.814143482874411,2.83540189152764,3.64954537440205,"species","Chordata","Aves","Anseriformes","Anatidae","Oxyura australis","Blue-billed duck","VIC"
"urn:lsid:biodiversity.org.au:afd.taxon:a244509e-6a8c-4011-a26a-cbfecb625e7e",19,"Shortland",1110,17643,1.96798618368124,2.56830489939701,4.53629108307825,"species","Chordata","Actinopterygii","Perciformes","Carangidae","Seriola hippos","Kingy","NSW"
"urn:lsid:biodiversity.org.au:afd.taxon:bc592487-c9b3-4139-ac20-2ed97c19b6d2",274,"Solomon",964,72625,1.45064922358828,3.70258157901664,5.15323080260491,"species","Chordata","Aves","Charadriiformes","Charadriidae","Charadrius mongolus","Lesser Sand Plover","NT"
"urn:lsid:biodiversity.org.au:afd.taxon:f874a368-aa4d-487b-84a5-30fe43878b08",37,"Spence",887,5565,0.379282145157117,3.25798012684238,3.6372622719995,"species","Chordata","Aves","Charadriiformes","Laridae","Chlidonias hybrida","whiskered tern","SA"
"urn:lsid:biodiversity.org.au:afd.taxon:7065d246-3017-4768-9c8f-8c58c0e538c1",2339,"Sturt",935,10076,2.34959248281122,1.97181504064858,4.3214075234598,"species","Chordata","Mammalia","Chiroptera","Pteropodidae","Pteropus poliocephalus","Grey-headed Flying-fox","SA"
"urn:lsid:biodiversity.org.au:afd.taxon:4617f00e-6076-40ea-97a7-1687416b8ec1",110,"Swan",495,16321,1.73091029937708,2.46033907472629,4.19124937410337,"species","Chordata","Aves","Passeriformes","Meliphagidae","Anthochaera lunulata","Western Wattlebird","WA"
"urn:lsid:biodiversity.org.au:afd.taxon:016c6ee5-52f3-46a2-9a9c-bebc8461418a",11,"Sydney",1175,20715,1.42119973309036,2.66138035448065,4.082580087571,"species","Chordata","Aves","Procellariiformes","Procellariidae","Pterodroma neglecta","Kermadec Petrel","NSW"
"urn:lsid:biodiversity.org.au:afd.taxon:755d948d-8b77-4f9b-8f96-d4856c551d7d",254,"Tangney",682,11790,-0.70310283773163,2.83092350171731,2.12782066398568,"species","Chordata","Aves","Passeriformes","Hirundinidae","Hirundo neoxena","Welcome Swallow","WA"
"urn:lsid:biodiversity.org.au:afd.taxon:6c14d4ed-b27c-419d-a685-070795ec32e3",455,"Wannon",2913,109992,1.48034108730954,2.92641032640059,4.40675141371013,"species","Chordata","Aves","Falconiformes","Accipitridae","Circus approximans","Kahu","VIC"
"urn:lsid:biodiversity.org.au:afd.taxon:22772c0f-b270-447c-9063-557e7b411f1e",12,"Warringah",2348,32246,2.12579942489984,2.61971249179293,4.74551191669277,"species","Chordata","Chondrichthyes","Myliobatiformes","Myliobatidae","Myliobatis tenuicaudatus","Eagle Ray","NSW"
"urn:lsid:biodiversity.org.au:afd.taxon:052889ce-bdeb-4ee6-8208-edcc062c2119",52,"Watson",460,3342,-0.0248362560262378,2.00030362776395,1.97546737173772,"species","Chordata","Aves","Passeriformes","Meliphagidae","Myzomela sanguinolenta","Scarlet Honeyeater","NSW"
"urn:lsid:biodiversity.org.au:afd.taxon:39c22a1e-e7fa-408a-b7e8-f9a2001889fb",35,"Wentworth",1017,33993,1.63444611637822,3.75306632538923,5.38751244176745,"species","Chordata","Reptilia","Testudines","Chelidae","Emydura macquarii","Murray Turtle","NSW"
"urn:lsid:biodiversity.org.au:afd.taxon:78d80a58-c9ee-42d4-a0e1-c43bcccf9d56",18,"Werriwa",401,1643,0.397604722606492,2.8728639008389,3.2704686234454,"species","Chordata","Reptilia","Squamata","Scincidae","Tiliqua scincoides","Eastern Blue-tongue","NSW"
"urn:lsid:biodiversity.org.au:afd.taxon:afed9681-a273-41b6-95e5-9f11ad4bff71",15,"Whitlam",1082,68249,1.09598617709215,2.81911203651329,3.91509821360544,"species","Chordata","Mammalia","Chiroptera","Vespertilionidae","Vespadelus darlingtoni","Large Forest Bat","NSW"
"urn:lsid:biodiversity.org.au:afd.taxon:492e2fe8-32e7-4cea-8337-c48d0c98a11e",1381,"Wide Bay",3863,91247,1.33550766427153,3.20358316586115,4.53909083013268,"species","Chordata","Aves","Passeriformes","Meliphagidae","Anthochaera chrysoptera","Little Wattlebird","QLD"
"urn:lsid:biodiversity.org.au:afd.taxon:d044f2c3-32ec-4c34-9740-3f8a723c0c5b",450,"Wills",534,13692,0.221616308691736,2.91557462603767,3.13719093472941,"species","Chordata","Aves","Passeriformes","Artamidae","Cracticus torquatus","Grey Butcherbird","VIC"
"urn:lsid:biodiversity.org.au:afd.taxon:6e8f4c65-4fae-4954-a4a8-cb8964176882",645,"Wright",4072,119358,0.979239400960298,3.4704332926439,4.4496726936042,"species","Chordata","Aves","Passeriformes","Estrildidae","Stizoptera bichenovii","Double-barred Finch","QLD"
